wavelength_nm,intensity,y_error
192.75,716.80,15.57
193.03,716.80,14.12
193.30,716.80,15.93
193.58,738.85,15.45
193.86,750.50,12.91
194.13,749.00,16.78
194.41,748.50,15.83
194.69,749.55,15.95
194.96,749.65,13.05
195.24,749.70,14.47
195.51,747.40,14.10
195.79,748.25,16.56
196.07,749.80,15.33
196.34,748.70,16.10
196.62,752.45,14.47
196.89,750.70,13.50
197.17,750.95,14.94
197.45,749.90,12.77
197.72,755.55,16.19
198.00,750.80,15.28
198.27,751.90,15.85
198.55,751.45,14.06
198.82,749.55,16.76
199.10,749.30,16.42
199.38,752.75,15.95
199.65,751.15,13.36
199.93,754.40,14.59
200.20,753.40,12.71
200.48,752.05,13.19
200.75,751.70,15.52
201.03,751.30,15.78
201.31,750.45,16.76
201.58,753.00,13.95
201.86,754.15,14.16
202.13,754.65,14.60
202.41,752.15,13.34
202.68,750.75,13.07
202.96,753.95,14.62
203.24,754.10,13.52
203.51,751.60,15.46
203.79,752.45,14.44
204.06,752.10,16.18
204.34,756.25,15.64
204.61,754.40,13.90
204.89,752.55,16.18
205.16,752.65,16.06
205.44,756.25,14.25
205.72,754.15,13.80
205.99,754.35,15.54
206.27,752.20,13.12
206.54,753.10,13.40
206.82,752.40,12.54
207.09,754.50,16.00
207.37,753.80,15.46
207.64,753.90,15.64
207.92,753.65,15.97
208.19,758.00,14.58
208.47,757.20,15.06
208.74,755.00,13.15
209.02,751.20,13.00
209.29,750.60,15.44
209.57,751.25,14.58
209.85,751.65,15.00
210.12,750.55,15.87
210.40,753.20,15.32
210.67,752.90,14.96
210.95,752.70,14.98
211.22,755.85,13.88
211.50,754.45,12.66
211.77,752.05,14.43
212.05,755.20,13.48
212.32,755.55,14.34
212.60,752.90,16.28
212.87,755.55,13.57
213.15,757.05,12.80
213.42,753.20,13.76
213.70,752.30,13.80
213.97,753.40,15.44
214.25,758.35,15.02
214.52,752.40,15.97
214.80,755.60,15.47
215.07,752.60,14.30
215.35,755.50,16.13
215.62,753.30,13.25
215.90,750.05,12.59
216.17,749.20,12.88
216.45,753.05,15.70
216.72,752.10,14.54
216.99,750.80,13.21
217.27,754.40,14.74
217.54,753.35,13.19
217.82,752.80,15.59
218.09,751.40,14.47
218.37,756.55,14.23
218.64,752.35,13.84
218.92,751.80,15.28
219.19,751.05,14.09
219.47,753.75,12.91
219.74,755.40,13.05
220.02,751.40,16.74
220.29,753.05,16.53
220.57,751.80,15.59
220.84,753.70,13.69
221.11,753.10,16.79
221.39,753.35,15.95
221.66,751.10,15.66
221.94,754.10,14.51
222.21,752.95,13.71
222.49,749.90,12.91
222.76,751.00,16.48
223.04,754.10,14.54
223.31,750.50,13.39
223.59,754.30,13.87
223.86,753.65,15.08
224.13,757.00,13.33
224.41,750.30,16.27
224.68,753.35,15.87
224.96,754.00,15.70
225.23,752.85,14.42
225.51,754.90,15.30
225.78,753.65,15.10
226.05,755.15,15.40
226.33,753.20,12.89
226.60,755.80,14.37
226.88,751.35,12.68
227.15,753.85,14.70
227.43,754.40,13.98
227.70,754.60,13.16
227.97,750.95,12.95
228.25,750.05,15.08
228.52,752.75,13.26
228.80,752.60,16.59
229.07,757.65,15.12
229.34,755.95,14.07
229.62,753.75,15.13
229.89,753.30,12.62
230.17,755.35,16.77
230.44,753.70,14.65
230.71,753.50,15.97
230.99,755.75,12.90
231.26,756.75,14.70
231.54,750.45,14.66
231.81,753.85,16.66
232.08,754.25,15.05
232.36,754.80,14.62
232.63,755.30,13.71
232.91,755.15,14.00
233.18,750.85,14.79
233.45,751.60,14.44
233.73,752.50,12.60
234.00,753.80,16.17
234.28,752.35,16.46
234.55,753.35,13.13
234.82,753.25,14.96
235.10,753.15,12.99
235.37,755.00,15.50
235.64,753.50,13.76
235.92,754.40,15.44
236.19,753.40,15.73
236.46,750.70,15.88
236.74,755.35,13.01
237.01,754.10,16.57
237.29,755.30,13.55
237.56,751.85,12.67
237.83,752.90,14.96
238.11,752.85,14.15
238.38,758.90,16.24
238.65,755.85,16.11
238.93,752.30,13.91
239.20,753.05,16.72
239.47,751.90,13.79
239.75,753.15,14.79
240.02,750.85,13.62
240.29,754.65,16.66
240.57,752.80,13.24
240.84,749.65,12.68
241.12,754.35,14.45
241.39,757.95,16.95
241.66,757.55,16.50
241.94,752.90,15.82
242.21,752.65,16.44
242.48,754.85,16.48
242.76,755.25,14.82
243.03,754.70,13.92
243.30,751.20,15.90
243.58,752.30,15.43
243.85,751.80,14.15
244.12,754.50,12.94
244.40,753.70,15.82
244.67,751.25,13.66
244.94,754.55,16.67
245.21,751.70,13.57
245.49,755.90,13.08
245.76,756.05,16.21
246.03,753.05,13.19
246.31,756.85,13.34
246.58,754.40,15.17
246.85,752.55,16.37
247.13,753.40,13.38
247.40,753.70,13.89
247.67,751.15,15.93
247.95,753.55,16.81
248.22,757.30,14.76
248.49,754.30,13.16
248.76,755.05,12.59
249.04,752.55,13.52
249.31,754.65,13.11
249.58,753.80,15.51
249.86,754.40,13.06
250.13,752.80,14.75
250.40,753.90,15.59
250.68,752.55,15.07
250.95,752.10,13.39
251.22,752.45,16.06
251.49,750.20,15.64
251.77,755.10,15.80
252.04,754.15,13.10
252.31,753.55,13.06
252.59,756.90,16.65
252.86,754.60,14.28
253.13,754.15,13.85
253.40,756.65,14.70
253.68,755.40,15.46
253.95,751.60,16.72
254.22,752.95,13.78
254.49,754.50,16.61
254.77,751.60,12.61
255.04,751.45,14.95
255.31,756.35,15.34
255.58,753.95,12.99
255.86,751.90,13.12
256.13,757.30,14.40
256.40,753.40,16.78
256.67,754.40,15.16
256.95,753.75,16.64
257.22,752.70,16.06
257.49,755.40,14.60
257.76,750.65,15.95
258.04,755.00,12.61
258.31,757.25,13.03
258.58,757.15,16.22
258.85,754.25,16.04
259.13,754.20,13.55
259.40,752.85,14.85
259.67,754.25,15.20
259.94,755.50,16.37
260.22,754.65,15.19
260.49,752.40,14.33
260.76,753.50,14.17
261.03,755.40,14.41
261.31,752.75,15.39
261.58,753.90,16.35
261.85,752.50,14.51
262.12,753.95,13.61
262.39,756.55,13.59
262.67,752.95,15.81
262.94,756.20,16.15
263.21,751.15,12.96
263.48,755.65,12.83
263.76,755.95,15.17
264.03,753.85,13.16
264.30,753.50,16.16
264.57,752.65,13.88
264.84,756.30,13.17
265.12,754.55,16.60
265.39,757.45,13.28
265.66,753.85,13.78
265.93,753.25,13.19
266.20,754.75,13.04
266.48,753.95,12.61
266.75,754.50,12.77
267.02,755.10,13.30
267.29,754.55,12.76
267.56,753.65,15.13
267.84,755.95,15.55
268.11,753.75,14.26
268.38,753.60,13.92
268.65,754.85,14.76
268.92,757.70,16.42
269.20,758.80,16.33
269.47,758.30,12.75
269.74,756.35,13.34
270.01,757.05,13.59
270.28,755.05,13.63
270.55,758.65,15.09
270.83,757.65,14.39
271.10,752.85,12.73
271.37,753.70,14.17
271.64,753.90,14.83
271.91,754.15,12.97
272.19,753.40,16.20
272.46,755.40,12.76
272.73,749.20,16.56
273.00,755.55,12.97
273.27,754.35,16.25
273.54,752.30,16.49
273.82,756.20,16.87
274.09,754.75,16.07
274.36,751.80,15.94
274.63,750.05,15.32
274.90,756.15,15.98
275.17,758.15,13.15
275.44,756.85,14.92
275.72,752.10,14.77
275.99,756.35,16.33
276.26,757.05,14.59
276.53,752.85,14.21
276.80,755.35,15.36
277.07,757.30,13.73
277.34,754.40,13.14
277.62,754.50,14.64
277.89,755.80,14.38
278.16,755.65,13.56
278.43,754.35,14.15
278.70,756.40,14.16
278.97,754.60,13.97
279.24,753.70,14.19
279.52,754.50,15.56
279.79,755.65,13.85
280.06,757.60,16.75
280.33,755.75,16.59
280.60,760.50,14.70
280.87,756.90,14.00
281.14,756.85,14.91
281.41,756.35,16.29
281.69,757.05,15.43
281.96,757.25,16.11
282.23,757.10,14.90
282.50,759.60,15.37
282.77,758.75,13.83
283.04,757.95,15.81
283.31,755.80,13.43
283.58,759.00,15.64
283.85,758.00,16.36
284.13,759.90,13.15
284.40,759.25,15.28
284.67,761.40,13.00
284.94,756.55,15.75
285.21,757.05,12.92
285.48,758.35,16.70
285.75,758.25,13.16
286.02,757.55,16.79
286.29,759.25,16.11
286.56,757.45,15.18
286.84,756.95,16.01
287.11,757.45,16.07
287.38,758.95,16.75
287.65,758.20,13.68
287.92,759.10,15.18
288.19,761.10,13.00
288.46,760.90,15.31
288.73,761.70,13.34
289.00,759.90,15.07
289.27,763.95,15.14
289.54,770.85,14.73
289.81,775.60,15.03
290.08,774.80,16.10
290.36,768.90,16.20
290.63,762.85,14.78
290.90,763.65,15.26
291.17,762.55,16.72
291.44,759.20,13.09
291.71,763.40,13.11
291.98,762.10,12.97
292.25,764.20,15.52
292.52,767.90,14.49
292.79,773.35,16.13
293.06,770.45,15.64
293.33,769.10,14.12
293.60,767.10,16.62
293.87,769.20,16.04
294.14,767.15,13.83
294.41,772.45,14.29
294.68,770.50,14.05
294.96,772.20,13.36
295.23,776.70,13.36
295.50,774.70,16.87
295.77,775.55,14.65
296.04,779.00,14.43
296.31,795.05,16.14
296.58,814.15,15.51
296.85,846.25,17.58
297.12,907.45,17.41
297.39,924.85,16.11
297.66,884.35,15.28
297.93,833.65,17.69
298.20,806.80,16.20
298.47,792.55,17.12
298.74,790.30,13.33
299.01,791.05,16.65
299.28,790.15,15.67
299.55,787.40,13.33
299.82,790.65,15.46
300.09,786.95,15.87
300.36,795.60,12.89
300.63,800.45,14.94
300.90,804.20,16.66
301.17,813.65,14.33
301.44,824.85,15.17
301.71,848.20,15.29
301.98,896.30,15.02
302.25,969.15,18.65
302.52,1100.90,19.07
302.79,1198.00,16.17
303.06,1157.35,20.70
303.33,1005.25,18.77
303.60,898.45,14.95
303.87,840.75,17.06
304.14,821.60,13.52
304.41,815.75,17.57
304.68,813.95,16.02
304.95,814.80,15.96
305.22,810.00,13.36
305.49,811.50,17.06
305.76,811.50,13.09
306.03,811.60,14.06
306.30,818.35,13.66
306.57,816.00,16.55
306.84,813.70,13.88
307.11,814.60,17.15
307.38,817.00,16.01
307.65,818.65,13.18
307.92,820.85,13.05
308.19,822.50,13.28
308.46,827.25,15.87
308.73,826.65,16.77
309.00,838.35,14.26
309.27,839.40,17.11
309.54,841.30,13.44
309.81,841.50,16.90
310.08,852.00,17.60
310.35,857.95,16.92
310.62,872.40,16.71
310.89,882.10,17.46
311.16,897.50,13.77
311.43,922.00,14.73
311.70,954.20,14.59
311.97,1010.35,16.92
312.24,1117.15,19.01
312.50,1333.40,20.01
312.77,1684.40,23.79
313.04,2248.65,22.15
313.31,2802.45,29.40
313.58,2961.90,25.61
313.85,2910.10,26.05
314.12,2463.00,27.44
314.39,1774.30,25.24
314.66,1339.60,19.95
314.93,1131.85,15.44
315.20,1044.50,17.76
315.47,1001.00,14.51
315.74,974.55,18.52
316.01,956.10,17.50
316.28,941.40,14.74
316.55,932.25,14.27
316.82,922.75,14.65
317.08,921.35,18.51
317.35,915.35,15.93
317.62,917.15,17.52
317.89,919.90,16.83
318.16,916.30,16.49
318.43,909.85,14.37
318.70,914.10,18.27
318.97,913.95,15.16
319.24,917.25,16.52
319.51,914.80,17.09
319.78,918.45,16.88
320.05,917.70,18.28
320.32,922.05,14.48
320.58,926.25,16.26
320.85,919.20,15.69
321.12,923.40,16.07
321.39,928.85,14.38
321.66,926.75,14.44
321.93,932.15,15.18
322.20,930.20,15.30
322.47,932.15,15.91
322.74,935.70,16.84
323.01,930.85,16.91
323.27,936.25,15.87
323.54,940.80,15.89
323.81,942.90,14.97
324.08,942.55,16.78
324.35,944.55,15.47
324.62,946.90,14.11
324.89,949.00,16.00
325.16,952.10,16.30
325.43,956.70,15.11
325.69,959.55,16.85
325.96,963.55,16.85
326.23,965.65,17.54
326.50,968.30,17.29
326.77,969.45,17.33
327.04,966.30,15.63
327.31,973.70,18.03
327.58,969.85,16.82
327.84,974.60,16.27
328.11,976.70,17.25
328.38,979.30,15.95
328.65,981.10,16.72
328.92,984.00,17.87
329.19,984.20,18.62
329.46,987.30,18.82
329.73,984.50,16.71
329.99,985.95,16.80
330.26,991.25,18.25
330.53,993.25,15.83
330.80,992.55,18.45
331.07,994.70,16.74
331.34,1000.30,14.88
331.61,1007.60,14.71
331.87,1010.35,18.63
332.14,1010.25,14.64
332.41,1016.90,15.83
332.68,1017.60,16.11
332.95,1024.90,15.34
333.22,1044.70,16.20
333.49,1064.30,18.57
333.75,1106.95,15.07
334.02,1189.80,20.04
334.29,1317.55,21.20
334.56,1491.60,19.53
334.83,1703.10,19.39
335.10,2038.75,24.29
335.36,2200.65,21.67
335.63,1748.40,21.02
335.90,1316.75,21.78
336.17,1131.75,20.47
336.44,1076.75,18.83
336.71,1050.10,16.23
336.97,1044.75,18.13
337.24,1035.80,18.15
337.51,1041.60,16.56
337.78,1042.20,17.87
338.05,1038.20,14.60
338.31,1045.95,15.67
338.58,1041.60,17.27
338.85,1042.30,15.41
339.12,1045.50,15.45
339.39,1055.00,18.98
339.66,1058.10,19.80
339.92,1065.05,17.61
340.19,1072.65,19.14
340.46,1064.30,19.86
340.73,1058.90,15.41
341.00,1054.50,16.97
341.26,1056.75,16.70
341.53,1057.00,15.08
341.80,1053.55,18.55
342.07,1055.80,16.90
342.34,1061.45,17.13
342.60,1058.60,15.46
342.87,1054.05,15.58
343.14,1055.80,19.35
343.41,1056.60,14.90
343.68,1062.10,15.91
343.94,1061.40,16.21
344.21,1063.50,17.25
344.48,1065.45,17.77
344.75,1063.75,17.27
345.02,1060.65,15.13
345.28,1056.15,15.92
345.55,1067.55,19.12
345.82,1057.00,17.97
346.09,1056.40,18.02
346.35,1048.70,18.07
346.62,1058.25,18.63
346.89,1048.20,14.91
347.16,1053.20,16.54
347.43,1044.90,17.37
347.69,1049.35,16.36
347.96,1050.45,18.98
348.23,1043.25,17.06
348.50,1043.85,18.54
348.76,1041.75,18.95
349.03,1036.10,17.12
349.30,1039.45,19.22
349.57,1028.10,17.48
349.83,1025.50,18.80
350.10,1018.40,16.15
350.37,1015.10,16.92
350.64,1013.15,17.07
350.90,1012.00,14.90
351.17,1006.55,16.35
351.44,1008.30,18.99
351.71,998.85,17.46
351.97,994.95,15.15
352.24,995.45,15.96
352.51,992.60,15.20
352.78,994.65,14.38
353.04,993.55,18.91
353.31,991.25,16.48
353.58,991.50,15.78
353.85,986.75,17.20
354.11,985.80,14.23
354.38,995.05,15.66
354.65,994.55,17.79
354.92,1006.65,17.54
355.18,1008.70,19.32
355.45,1010.00,17.50
355.72,988.50,16.61
355.99,987.05,18.02
356.25,980.80,18.67
356.52,987.45,17.82
356.79,980.05,18.97
357.06,988.40,18.13
357.32,987.15,18.55
357.59,980.00,14.72
357.86,979.35,17.81
358.12,977.85,16.34
358.39,980.60,16.92
358.66,985.95,17.47
358.93,986.85,19.06
359.19,989.20,19.16
359.46,987.75,15.65
359.73,993.55,17.94
359.99,998.00,18.06
360.26,1009.45,16.11
360.53,1013.35,15.01
360.80,1023.75,14.66
361.06,1026.05,18.43
361.33,1034.65,17.03
361.60,1053.40,19.74
361.86,1062.70,17.12
362.13,1090.05,20.02
362.40,1129.30,17.33
362.66,1168.90,19.69
362.93,1214.55,16.13
363.20,1300.60,19.35
363.47,1382.00,21.36
363.73,1515.75,23.07
364.00,1736.25,23.95
364.27,2092.10,20.55
364.53,2792.65,26.38
364.80,4073.25,28.46
365.07,6366.25,36.10
365.33,10106.75,53.96
365.60,14969.10,66.15
365.87,16383.00,70.34
366.13,16383.00,72.12
366.40,16383.00,69.67
366.67,16383.00,70.86
366.93,14933.50,53.70
367.20,11713.20,50.72
367.47,8748.10,49.51
367.73,5146.25,40.83
368.00,3027.45,24.27
368.27,2129.20,24.18
368.53,1764.60,23.17
368.80,1531.25,17.66
369.07,1433.40,19.34
369.33,1361.15,21.76
369.60,1295.75,19.98
369.87,1251.85,17.22
370.13,1213.25,20.36
370.40,1196.30,17.46
370.67,1186.90,20.16
370.93,1160.80,16.95
371.20,1149.30,18.44
371.47,1129.75,17.26
371.73,1116.40,16.51
372.00,1092.20,19.56
372.27,1064.55,15.69
372.53,1038.20,14.98
372.80,1022.30,16.18
373.07,1003.35,17.94
373.33,993.95,18.31
373.60,987.40,19.21
373.87,982.80,15.66
374.13,967.35,16.09
374.40,964.00,14.72
374.66,955.10,16.82
374.93,955.35,18.91
375.20,950.40,17.40
375.46,953.85,16.91
375.73,945.10,15.84
376.00,948.35,18.44
376.26,947.35,16.37
376.53,940.55,14.54
376.79,927.10,15.57
377.06,923.05,14.09
377.33,919.55,14.72
377.59,911.75,13.77
377.86,918.45,15.93
378.13,914.50,16.77
378.39,914.45,15.36
378.66,908.25,15.68
378.92,913.35,18.33
379.19,919.45,17.38
379.46,933.15,16.47
379.72,949.95,15.35
379.99,974.75,18.59
380.26,956.45,15.15
380.52,930.65,15.40
380.79,917.35,18.13
381.05,912.80,16.25
381.32,910.00,17.25
381.59,902.35,16.46
381.85,901.40,16.75
382.12,896.65,15.01
382.38,904.40,14.79
382.65,909.90,15.23
382.92,918.55,14.48
383.18,925.05,18.03
383.45,908.45,15.03
383.71,897.40,16.27
383.98,894.35,17.35
384.25,886.70,17.24
384.51,887.75,15.60
384.78,885.75,15.77
385.04,888.85,18.27
385.31,886.20,16.72
385.57,888.00,17.40
385.84,884.40,17.79
386.11,888.80,17.28
386.37,902.65,14.51
386.64,909.55,16.38
386.90,917.70,14.22
387.17,925.40,16.95
387.44,912.70,18.31
387.70,906.40,16.11
387.97,902.75,15.70
388.23,903.05,13.79
388.50,900.80,18.21
388.76,903.15,14.12
389.03,910.50,13.87
389.30,908.90,14.85
389.56,916.65,14.03
389.83,920.70,15.95
390.09,937.00,16.38
390.36,957.75,15.55
390.62,987.10,14.46
390.89,1033.10,15.08
391.15,1082.80,16.85
391.42,1142.60,15.54
391.69,1192.30,19.35
391.95,1165.45,16.48
392.22,1080.10,16.40
392.48,1010.35,16.36
392.75,956.25,16.05
393.01,930.95,13.83
393.28,915.75,14.25
393.54,907.35,17.81
393.81,899.55,13.60
394.07,898.55,16.03
394.34,898.05,15.93
394.61,895.95,15.17
394.87,895.50,15.63
395.14,895.95,17.31
395.40,890.35,17.55
395.67,901.20,14.86
395.93,892.40,15.09
396.20,891.30,14.70
396.46,897.20,15.88
396.73,897.40,16.86
396.99,898.65,14.69
397.26,900.15,15.19
397.52,898.15,18.05
397.79,901.10,13.84
398.05,900.75,15.82
398.32,905.40,17.06
398.59,907.55,14.38
398.85,915.30,13.94
399.12,913.10,14.36
399.38,924.15,18.24
399.65,925.20,13.82
399.91,921.65,14.67
400.18,919.75,13.89
400.44,922.70,14.30
400.71,926.40,16.80
400.97,933.60,15.02
401.24,950.35,16.75
401.50,951.65,16.87
401.77,954.30,18.17
402.03,976.35,14.15
402.30,982.30,18.44
402.56,1007.10,17.47
402.83,1029.80,15.32
403.09,1081.60,18.87
403.36,1142.70,19.81
403.62,1229.65,17.17
403.89,1403.65,22.21
404.15,1723.65,21.46
404.42,2452.50,26.56
404.68,3930.70,37.05
404.95,6589.60,39.86
405.21,10167.65,56.25
405.48,15539.30,59.88
405.74,16383.00,70.83
406.01,16383.00,66.96
406.27,12266.45,51.58
406.54,5454.15,36.95
406.80,3474.45,28.81
407.07,2770.00,23.86
407.33,2325.95,21.57
407.60,2031.90,22.45
407.86,2052.25,20.24
408.12,2231.70,22.15
408.39,2671.30,28.66
408.65,3587.40,32.88
408.92,4210.00,35.84
409.18,3079.75,27.17
409.45,1788.95,24.74
409.71,1357.65,19.97
409.98,1214.80,16.36
410.24,1156.65,16.08
410.51,1121.85,18.78
410.77,1103.65,15.88
411.04,1097.30,17.60
411.30,1088.70,20.08
411.57,1088.15,14.89
411.83,1110.15,15.10
412.10,1108.45,20.26
412.36,1085.75,17.92
412.62,1064.00,15.37
412.89,1045.95,19.22
413.15,1048.30,19.15
413.42,1037.15,17.29
413.68,1047.70,17.81
413.95,1031.90,15.90
414.21,1021.50,14.69
414.48,1005.95,17.34
414.74,990.95,15.71
415.00,979.60,17.47
415.27,973.90,18.28
415.53,975.70,14.22
415.80,969.45,17.04
416.06,961.35,15.17
416.33,956.75,18.31
416.59,949.90,15.20
416.86,949.35,16.95
417.12,947.15,16.65
417.38,951.40,15.91
417.65,948.80,17.28
417.91,944.35,17.47
418.18,951.35,16.75
418.44,953.30,17.71
418.71,953.45,18.82
418.97,952.80,16.04
419.23,956.75,16.54
419.50,955.70,14.05
419.76,956.30,17.92
420.03,959.45,16.59
420.29,958.20,16.02
420.56,964.70,14.52
420.82,964.05,18.46
421.08,969.35,16.05
421.35,971.15,17.49
421.61,972.20,14.84
421.88,975.85,18.92
422.14,979.20,15.04
422.40,983.80,15.18
422.67,983.55,18.48
422.93,991.15,18.81
423.20,990.20,15.29
423.46,985.20,16.54
423.72,996.05,17.96
423.99,993.90,18.67
424.25,999.50,16.20
424.52,994.20,16.85
424.78,1017.05,18.17
425.04,1007.65,18.04
425.31,1006.95,18.30
425.57,1012.65,17.27
425.84,1013.45,14.91
426.10,1008.25,18.92
426.36,1020.05,18.83
426.63,1027.25,18.55
426.89,1034.60,15.03
427.16,1024.45,15.50
427.42,1029.45,18.29
427.68,1038.25,14.66
427.95,1039.55,19.58
428.21,1030.65,16.42
428.48,1042.20,18.27
428.74,1039.55,19.11
429.00,1047.55,16.64
429.27,1051.95,16.28
429.53,1064.10,17.87
429.79,1070.30,17.78
430.06,1089.15,17.02
430.32,1092.40,18.06
430.59,1116.90,20.02
430.85,1129.90,17.63
431.11,1148.75,16.31
431.38,1174.95,17.47
431.64,1195.45,17.71
431.90,1192.00,16.24
432.17,1199.15,16.46
432.43,1203.05,19.36
432.69,1209.60,17.50
432.96,1209.30,20.90
433.22,1229.10,17.10
433.49,1281.55,16.63
433.75,1346.45,20.82
434.01,1467.15,22.46
434.28,1707.80,20.22
434.54,2035.20,21.45
434.80,2530.95,23.69
435.07,3246.70,29.68
435.33,3938.55,32.07
435.59,5297.75,34.69
435.86,8097.70,39.72
436.12,12979.95,57.64
436.38,16383.00,73.95
436.65,16383.00,67.97
436.91,16383.00,64.91
437.17,16383.00,57.41
437.44,16383.00,60.17
437.70,16383.00,61.00
437.96,16383.00,70.16
438.23,16383.00,72.34
438.49,16383.00,72.83
438.75,16383.00,74.45
439.02,6958.95,48.89
439.28,3159.05,33.06
439.54,2224.05,21.42
439.81,1879.10,20.21
440.07,1699.65,20.35
440.33,1605.85,21.37
440.60,1528.25,18.06
440.86,1422.85,21.92
441.12,1363.05,20.14
441.39,1342.50,19.57
441.65,1293.75,17.08
441.91,1262.65,17.38
442.18,1236.90,16.69
442.44,1212.30,20.35
442.70,1196.35,18.76
442.97,1169.85,19.38
443.23,1140.70,16.79
443.49,1121.50,17.06
443.76,1115.05,17.19
444.02,1105.05,19.00
444.28,1100.85,19.03
444.55,1081.90,15.91
444.81,1082.75,19.76
445.07,1070.05,15.38
445.33,1065.55,19.38
445.60,1061.15,15.22
445.86,1064.15,16.09
446.12,1062.65,19.10
446.39,1059.60,15.61
446.65,1068.00,16.89
446.91,1067.20,17.07
447.18,1056.30,15.93
447.44,1056.25,18.34
447.70,1041.50,18.94
447.96,1041.80,19.06
448.23,1043.00,16.32
448.49,1045.70,17.33
448.75,1032.85,15.78
449.02,1030.40,15.74
449.28,1022.95,15.27
449.54,1019.00,19.20
449.81,1009.25,18.85
450.07,1000.05,18.21
450.33,1002.85,16.92
450.59,1010.40,16.85
450.86,1001.35,16.97
451.12,996.30,16.97
451.38,978.35,16.31
451.64,989.40,14.88
451.91,972.90,14.73
452.17,970.85,18.83
452.43,967.95,16.47
452.70,961.30,18.75
452.96,953.95,14.78
453.22,953.30,16.71
453.48,950.05,14.97
453.75,954.55,15.23
454.01,942.60,14.05
454.27,953.45,14.56
454.53,954.85,18.51
454.80,941.50,15.47
455.06,948.20,16.93
455.32,957.40,16.30
455.59,948.90,15.91
455.85,942.85,16.51
456.11,947.25,14.85
456.37,951.70,18.83
456.64,958.55,18.05
456.90,952.00,17.62
457.16,963.10,16.36
457.42,956.15,14.75
457.69,958.70,18.56
457.95,957.80,15.69
458.21,954.00,14.22
458.47,956.05,15.68
458.74,962.40,17.97
459.00,958.35,17.09
459.26,950.90,17.65
459.52,945.20,17.81
459.79,942.50,14.94
460.05,941.00,18.41
460.31,929.45,15.94
460.57,930.60,16.93
460.83,935.75,13.86
461.10,924.85,18.60
461.36,925.50,15.15
461.62,926.90,14.09
461.88,928.45,16.03
462.15,930.55,14.44
462.41,922.35,14.50
462.67,923.95,16.84
462.93,922.10,15.66
463.20,929.80,18.30
463.46,926.25,15.34
463.72,920.90,17.27
463.98,921.95,15.99
464.24,931.35,17.04
464.51,923.60,16.68
464.77,925.35,16.08
465.03,935.60,18.49
465.29,933.75,15.51
465.56,930.40,14.68
465.82,932.35,17.14
466.08,930.90,17.94
466.34,934.10,14.04
466.60,933.25,16.03
466.87,940.70,18.26
467.13,945.05,17.60
467.39,942.55,18.76
467.65,947.65,16.55
467.91,947.95,17.18
468.18,947.15,15.42
468.44,952.80,18.64
468.70,956.80,15.81
468.96,954.70,17.63
469.22,959.45,16.01
469.49,962.80,16.82
469.75,970.00,17.67
470.01,969.60,16.61
470.27,968.55,18.58
470.53,971.35,16.18
470.80,977.40,17.37
471.06,973.60,15.82
471.32,980.10,16.19
471.58,985.75,16.40
471.84,984.80,14.82
472.11,995.85,14.72
472.37,986.70,17.55
472.63,997.20,17.57
472.89,996.95,17.61
473.15,999.20,14.38
473.42,1006.70,15.99
473.68,1019.60,15.43
473.94,1013.55,18.33
474.20,1013.75,18.75
474.46,1024.05,15.71
474.72,1031.15,17.91
474.99,1021.65,15.09
475.25,1012.15,15.77
475.51,1024.70,15.16
475.77,1021.75,15.88
476.03,1020.90,17.87
476.29,1019.25,19.05
476.56,1010.45,15.39
476.82,1015.45,17.15
477.08,1016.25,17.96
477.34,1021.10,19.28
477.60,1016.90,17.50
477.86,1018.30,15.71
478.13,1014.80,17.57
478.39,1022.85,16.08
478.65,1015.85,19.36
478.91,1018.95,16.45
479.17,1021.75,17.93
479.43,1021.35,14.55
479.70,1019.70,16.46
479.96,1028.20,18.95
480.22,1028.40,17.60
480.48,1028.45,16.75
480.74,1029.95,19.28
481.00,1029.20,18.85
481.26,1037.25,16.19
481.53,1039.90,17.35
481.79,1046.55,17.12
482.05,1046.85,17.86
482.31,1051.70,16.36
482.57,1060.80,15.96
482.83,1058.40,19.40
483.09,1054.95,19.43
483.36,1060.90,19.07
483.62,1067.70,19.83
483.88,1066.85,18.61
484.14,1077.40,18.79
484.40,1082.50,18.83
484.66,1089.90,17.40
484.92,1101.25,17.36
485.19,1110.50,16.29
485.45,1119.50,18.50
485.71,1123.30,16.64
485.97,1133.10,16.54
486.23,1136.85,18.32
486.49,1155.35,17.51
486.75,1150.15,16.44
487.01,1153.40,19.69
487.28,1147.80,19.88
487.54,1150.50,16.17
487.80,1153.25,15.32
488.06,1147.30,17.05
488.32,1150.85,19.57
488.58,1152.30,19.80
488.84,1160.45,16.08
489.10,1160.05,19.51
489.37,1155.80,15.92
489.63,1165.85,17.48
489.89,1156.05,20.69
490.15,1146.20,16.27
490.41,1144.30,16.05
490.67,1145.95,17.51
490.93,1155.30,18.64
491.19,1176.10,20.50
491.45,1221.15,21.14
491.71,1318.70,16.68
491.98,1562.80,18.51
492.24,1970.80,25.22
492.50,2338.30,23.45
492.76,2218.30,27.38
493.02,1722.75,22.82
493.28,1366.75,17.22
493.54,1217.90,20.29
493.80,1144.65,16.18
494.06,1119.50,17.32
494.32,1099.10,17.85
494.59,1081.55,17.45
494.85,1068.50,18.31
495.11,1062.10,18.09
495.37,1061.05,19.84
495.63,1059.75,19.87
495.89,1072.75,17.46
496.15,1095.30,15.42
496.41,1157.40,19.24
496.67,1257.35,21.41
496.93,1329.35,18.18
497.19,1289.55,18.73
497.46,1177.60,17.75
497.72,1099.05,15.21
497.98,1071.35,18.26
498.24,1062.00,16.53
498.50,1052.25,18.70
498.76,1050.80,18.92
499.02,1050.05,18.86
499.28,1044.45,16.73
499.54,1046.05,16.25
499.80,1050.65,18.49
500.06,1045.90,18.72
500.32,1038.00,17.06
500.58,1039.90,19.14
500.84,1038.70,15.29
501.11,1040.35,19.07
501.37,1038.90,15.04
501.63,1033.85,15.30
501.89,1044.35,17.33
502.15,1041.15,14.91
502.41,1039.30,14.82
502.67,1042.75,14.58
502.93,1045.10,16.84
503.19,1054.50,18.66
503.45,1063.10,14.89
503.71,1059.60,18.06
503.97,1052.60,18.89
504.23,1048.45,15.48
504.49,1050.00,15.38
504.75,1057.35,19.13
505.01,1066.75,19.01
505.27,1077.35,17.61
505.53,1080.15,19.10
505.80,1076.55,15.28
506.06,1057.00,16.71
506.32,1051.00,18.44
506.58,1046.50,15.93
506.84,1042.20,18.44
507.10,1048.25,17.21
507.36,1048.50,18.48
507.62,1050.45,17.02
507.88,1048.20,16.51
508.14,1050.45,15.76
508.40,1049.80,15.70
508.66,1053.05,18.52
508.92,1049.25,15.23
509.18,1055.55,15.10
509.44,1056.30,15.58
509.70,1056.15,15.57
509.96,1056.60,18.93
510.22,1065.65,16.79
510.48,1056.15,19.79
510.74,1062.95,15.42
511.00,1062.15,18.09
511.26,1062.95,17.04
511.52,1059.80,16.72
511.78,1072.40,19.33
512.04,1067.55,19.81
512.30,1066.20,19.26
512.56,1069.85,15.75
512.82,1077.15,15.95
513.08,1083.10,18.27
513.34,1075.20,16.29
513.60,1076.40,18.63
513.86,1078.15,17.76
514.12,1078.80,17.69
514.38,1074.35,19.10
514.64,1073.10,18.48
514.90,1076.25,14.93
515.16,1065.10,14.98
515.42,1067.10,17.86
515.68,1065.25,17.25
515.94,1066.50,16.08
516.20,1066.60,16.91
516.46,1066.60,18.67
516.72,1063.55,19.00
516.98,1063.35,17.62
517.24,1062.50,16.70
517.50,1060.75,16.10
517.76,1072.90,17.49
518.02,1062.80,16.34
518.28,1063.75,17.64
518.54,1066.00,18.24
518.80,1065.95,15.07
519.06,1066.20,14.73
519.32,1060.15,15.79
519.58,1063.70,19.36
519.84,1065.05,18.08
520.10,1064.70,15.61
520.36,1063.10,19.33
520.62,1062.50,17.14
520.88,1056.80,17.13
521.14,1060.60,19.54
521.40,1062.20,15.01
521.66,1064.40,15.83
521.92,1066.20,17.77
522.18,1065.85,15.74
522.44,1066.75,18.26
522.70,1066.90,15.85
522.96,1070.25,15.27
523.22,1068.30,15.82
523.48,1070.55,16.96
523.74,1067.30,15.65
524.00,1072.50,15.47
524.26,1071.35,19.24
524.52,1077.75,16.48
524.78,1070.30,16.63
525.04,1068.45,15.03
525.30,1077.00,16.66
525.56,1071.00,16.14
525.82,1076.10,17.98
526.08,1073.65,15.85
526.34,1076.85,19.44
526.60,1080.15,19.68
526.86,1074.30,15.30
527.12,1082.80,15.40
527.38,1082.45,15.44
527.64,1085.40,18.10
527.90,1083.35,15.48
528.15,1091.60,19.37
528.41,1087.70,18.82
528.67,1091.85,19.20
528.93,1095.50,17.69
529.19,1097.05,20.18
529.45,1100.90,15.18
529.71,1105.85,17.11
529.97,1107.20,16.71
530.23,1108.00,20.02
530.49,1117.35,18.12
530.75,1123.30,19.39
531.01,1123.60,16.00
531.27,1131.40,20.38
531.53,1145.15,17.91
531.79,1152.90,17.94
532.05,1172.65,20.68
532.31,1180.50,17.53
532.57,1194.20,17.72
532.83,1201.80,18.80
533.08,1198.10,16.26
533.34,1201.10,17.34
533.60,1204.35,16.66
533.86,1205.70,16.18
534.12,1209.40,20.41
534.38,1209.80,18.88
534.64,1215.90,17.65
534.90,1218.35,17.95
535.16,1223.20,18.11
535.42,1228.50,19.26
535.68,1235.60,20.95
535.94,1247.70,21.08
536.20,1282.80,18.29
536.46,1302.90,18.07
536.71,1329.30,18.95
536.97,1351.65,19.78
537.23,1385.55,19.39
537.49,1386.60,20.55
537.75,1363.85,19.78
538.01,1343.00,18.28
538.27,1343.50,18.43
538.53,1339.10,18.59
538.79,1352.00,17.03
539.05,1364.65,17.52
539.31,1377.30,20.86
539.57,1387.40,18.97
539.82,1392.25,17.97
540.08,1391.70,20.02
540.34,1404.00,21.25
540.60,1410.20,18.34
540.86,1434.70,21.89
541.12,1444.60,22.57
541.38,1461.70,20.70
541.64,1466.00,21.17
541.90,1487.15,17.56
542.16,1511.45,23.17
542.41,1546.05,19.99
542.67,1583.90,23.56
542.93,1638.70,21.74
543.19,1704.15,18.42
543.45,1798.85,19.13
543.71,1945.45,24.30
543.97,2150.25,24.64
544.23,2302.30,21.44
544.49,2458.25,27.67
544.74,2849.10,30.61
545.00,3368.25,29.99
545.26,3995.55,32.27
545.52,5789.80,33.25
545.78,9275.90,53.38
546.04,16383.00,61.70
546.30,16383.00,72.38
546.56,16383.00,62.52
546.82,16383.00,66.27
547.07,16383.00,60.52
547.33,16383.00,58.38
547.59,16383.00,70.36
547.85,16383.00,64.93
548.11,16383.00,65.71
548.37,16383.00,74.07
548.63,16383.00,74.04
548.89,16383.00,71.93
549.14,16383.00,58.91
549.40,16383.00,66.84
549.66,16383.00,72.37
549.92,16383.00,62.55
550.18,16383.00,57.22
550.44,16383.00,71.06
550.70,16383.00,64.64
550.96,16383.00,66.25
551.21,16383.00,74.40
551.47,16383.00,67.09
551.73,16383.00,63.54
551.99,16383.00,62.46
552.25,16383.00,63.39
552.51,16383.00,57.56
552.77,16383.00,70.75
553.02,16383.00,71.58
553.28,16383.00,60.79
553.54,16383.00,61.17
553.80,16383.00,72.30
554.06,16383.00,55.72
554.32,16383.00,65.40
554.58,13202.70,57.81
554.83,5533.65,40.37
555.09,2125.25,21.62
555.35,1634.30,22.28
555.61,1556.70,19.96
555.87,1526.00,21.26
556.13,1499.35,17.55
556.39,1473.90,19.96
556.64,1458.20,20.23
556.90,1436.60,18.24
557.16,1429.40,17.75
557.42,1416.65,17.97
557.68,1414.35,18.88
557.94,1389.25,17.26
558.19,1372.35,22.14
558.45,1361.00,18.89
558.71,1343.10,21.12
558.97,1334.15,22.00
559.23,1333.25,16.83
559.49,1333.85,20.14
559.74,1337.50,21.43
560.00,1336.35,20.05
560.26,1345.05,18.93
560.52,1341.10,18.91
560.78,1329.75,16.56
561.04,1324.05,19.39
561.29,1311.60,21.94
561.55,1305.85,21.69
561.81,1297.75,16.39
562.07,1302.15,20.22
562.33,1303.45,17.92
562.59,1315.75,21.45
562.84,1319.45,16.55
563.10,1301.10,21.52
563.36,1283.15,20.83
563.62,1267.75,16.65
563.88,1257.10,16.25
564.13,1240.50,20.48
564.39,1246.65,16.73
564.65,1236.00,18.77
564.91,1225.90,20.81
565.17,1216.40,18.81
565.43,1207.45,17.81
565.68,1198.30,18.01
565.94,1192.80,15.87
566.20,1183.05,20.76
566.46,1181.75,17.16
566.72,1185.15,16.52
566.97,1189.30,17.07
567.23,1195.15,20.83
567.49,1208.70,16.15
567.75,1236.50,20.63
568.01,1271.05,20.00
568.26,1290.25,20.84
568.52,1267.55,21.49
568.78,1235.55,20.48
569.04,1217.20,20.90
569.30,1215.05,16.37
569.55,1222.05,20.12
569.81,1231.55,18.80
570.07,1241.05,18.86
570.33,1263.45,21.02
570.59,1275.25,21.52
570.84,1301.00,20.20
571.10,1321.60,19.08
571.36,1340.05,19.05
571.62,1363.35,18.80
571.88,1399.45,18.89
572.13,1438.00,19.31
572.39,1490.50,17.80
572.65,1558.50,18.11
572.91,1641.90,23.05
573.16,1719.45,21.38
573.42,1814.55,25.18
573.68,1892.55,23.52
573.94,1992.05,20.06
574.20,2113.10,21.52
574.45,2269.20,22.63
574.71,2462.65,29.50
574.97,2759.80,24.97
575.23,3177.70,29.32
575.48,3770.00,35.85
575.74,4614.20,39.97
576.00,5894.60,36.27
576.26,7980.90,39.49
576.52,11826.15,49.62
576.77,16383.00,56.48
577.03,16383.00,59.05
577.29,16383.00,66.34
577.55,16383.00,73.04
577.80,16383.00,65.72
578.06,16383.00,67.45
578.32,16383.00,59.18
578.58,16383.00,70.86
578.83,16383.00,67.29
579.09,16383.00,72.10
579.35,16383.00,73.75
579.61,16383.00,62.03
579.86,16383.00,57.01
580.12,16383.00,59.65
580.38,16383.00,63.79
580.64,16383.00,73.69
580.89,16383.00,62.63
581.15,16383.00,70.28
581.41,16383.00,65.79
581.67,16383.00,58.81
581.92,16383.00,61.50
582.18,16383.00,67.99
582.44,16383.00,68.37
582.70,16383.00,63.73
582.95,16383.00,59.71
583.21,16383.00,69.33
583.47,16383.00,58.54
583.73,14889.20,70.13
583.98,12057.30,50.67
584.24,3302.35,26.23
584.50,1835.75,22.41
584.76,1646.85,21.42
585.01,1590.35,20.99
585.27,1549.75,20.29
585.53,1519.85,23.53
585.79,1484.75,20.18
586.04,1465.20,20.01
586.30,1464.00,19.66
586.56,1460.80,17.50
586.82,1447.75,20.58
587.07,1411.60,18.17
587.33,1390.30,20.45
587.59,1368.65,16.87
587.85,1362.35,22.26
588.10,1349.10,19.18
588.36,1332.65,21.54
588.62,1322.40,19.04
588.87,1326.55,16.68
589.13,1348.30,21.23
589.39,1373.95,20.40
589.65,1371.05,21.16
589.90,1337.30,18.87
590.16,1291.70,19.76
590.42,1272.50,20.85
590.67,1257.25,19.47
590.93,1250.40,17.83
591.19,1246.60,19.56
591.45,1238.60,19.56
591.70,1229.90,21.10
591.96,1228.45,17.81
592.22,1223.40,18.07
592.47,1222.55,20.21
592.73,1218.80,18.49
592.99,1216.85,19.75
593.25,1214.50,18.20
593.50,1209.10,16.82
593.76,1211.90,19.76
594.02,1214.65,16.39
594.27,1203.40,16.69
594.53,1205.50,19.06
594.79,1203.25,19.70
595.05,1198.10,20.47
595.30,1194.45,17.03
595.56,1192.30,16.13
595.82,1177.65,20.64
596.07,1180.15,16.29
596.33,1169.30,16.46
596.59,1169.25,16.96
596.84,1163.45,18.21
597.10,1158.75,20.09
597.36,1148.45,19.35
597.62,1150.75,19.08
597.87,1148.75,16.20
598.13,1145.20,17.16
598.39,1146.90,17.82
598.64,1138.05,15.98
598.90,1139.15,16.66
599.16,1141.20,16.86
599.41,1133.85,15.84
599.67,1133.85,18.11
599.93,1129.55,18.90
600.18,1128.90,15.50
600.44,1125.90,17.68
600.70,1124.85,19.27
600.96,1122.60,19.07
601.21,1124.15,19.44
601.47,1123.80,17.49
601.73,1122.85,19.46
601.98,1120.45,16.36
602.24,1114.50,16.95
602.50,1118.90,16.00
602.75,1119.35,17.56
603.01,1115.55,17.13
603.27,1120.10,16.36
603.52,1121.20,19.08
603.78,1117.85,16.73
604.04,1114.45,16.49
604.29,1113.15,15.72
604.55,1108.90,17.33
604.81,1108.95,16.61
605.06,1109.65,16.96
605.32,1108.40,16.25
605.58,1109.85,19.05
605.83,1107.45,19.91
606.09,1108.15,17.63
606.35,1111.60,18.43
606.60,1111.10,19.61
606.86,1112.10,20.32
607.12,1121.90,18.35
607.37,1144.30,20.01
607.63,1172.55,20.34
607.89,1171.25,19.70
608.14,1146.90,17.72
608.40,1116.55,15.48
608.66,1114.15,15.12
608.91,1105.25,17.50
609.17,1105.70,17.60
609.43,1106.25,17.14
609.68,1102.05,17.96
609.94,1098.55,17.85
610.20,1107.60,19.42
610.45,1107.65,15.57
610.71,1100.20,16.13
610.96,1108.55,19.20
611.22,1104.65,19.46
611.48,1104.80,20.23
611.73,1110.00,19.63
611.99,1115.60,19.77
612.25,1135.80,16.86
612.50,1173.20,17.59
612.76,1204.05,17.07
613.02,1177.40,18.74
613.27,1122.90,20.09
613.53,1104.80,16.80
613.79,1095.40,17.85
614.04,1095.80,16.48
614.30,1096.95,15.82
614.55,1099.40,15.97
614.81,1097.45,15.23
615.07,1090.30,19.87
615.32,1091.20,17.01
615.58,1095.30,19.31
615.84,1090.15,18.46
616.09,1089.90,15.89
616.35,1090.20,15.80
616.61,1089.20,19.14
616.86,1093.00,16.29
617.12,1092.05,19.70
617.37,1091.05,15.62
617.63,1092.55,18.46
617.89,1090.70,19.17
618.14,1091.20,16.13
618.40,1088.80,16.32
618.66,1092.85,19.97
618.91,1088.50,16.26
619.17,1092.65,17.16
619.42,1086.35,17.13
619.68,1091.30,16.22
619.94,1089.20,18.95
620.19,1093.00,18.96
620.45,1098.60,16.93
620.70,1095.70,19.32
620.96,1088.25,15.99
621.22,1087.10,14.89
621.47,1089.35,17.88
621.73,1095.15,20.15
621.99,1091.40,15.09
622.24,1098.25,16.03
622.50,1102.85,17.70
622.75,1111.40,19.31
623.01,1140.85,15.68
623.27,1178.65,17.59
623.52,1230.65,19.91
623.78,1279.55,18.16
624.03,1252.80,16.95
624.29,1187.20,16.56
624.55,1136.60,17.37
624.80,1114.60,17.58
625.06,1104.50,19.53
625.31,1098.40,18.32
625.57,1098.25,18.57
625.83,1096.70,20.10
626.08,1097.70,17.10
626.34,1095.30,17.04
626.59,1090.80,19.74
626.85,1089.25,16.17
627.11,1088.70,18.70
627.36,1091.45,18.86
627.62,1085.20,15.36
627.87,1087.55,17.32
628.13,1090.90,15.94
628.39,1088.85,15.85
628.64,1081.95,17.26
628.90,1083.40,16.35
629.15,1087.10,19.04
629.41,1082.45,19.58
629.66,1082.70,19.04
629.92,1084.55,16.24
630.18,1085.05,16.29
630.43,1082.80,16.17
630.69,1081.25,15.53
630.94,1085.00,19.80
631.20,1083.95,16.95
631.46,1090.90,16.07
631.71,1088.15,19.31
631.97,1080.90,16.91
632.22,1082.35,15.02
632.48,1083.30,15.69
632.73,1084.15,18.19
632.99,1083.55,18.94
633.25,1079.60,15.92
633.50,1085.30,19.66
633.76,1080.65,19.27
634.01,1084.05,19.29
634.27,1086.00,16.05
634.52,1084.65,15.11
634.78,1084.60,19.39
635.04,1086.70,16.46
635.29,1081.45,18.06
635.55,1083.40,18.82
635.80,1077.10,15.47
636.06,1088.90,18.97
636.31,1087.90,19.79
636.57,1085.65,18.67
636.83,1080.80,17.13
637.08,1079.50,19.40
637.34,1084.35,17.61
637.59,1080.30,18.71
637.85,1080.45,19.11
638.10,1080.70,18.74
638.36,1080.65,16.33
638.61,1078.80,15.43
638.87,1082.40,16.08
639.13,1086.35,17.49
639.38,1083.15,17.48
639.64,1078.85,17.85
639.89,1080.15,16.88
640.15,1085.45,18.98
640.40,1080.55,19.60
640.66,1080.70,16.11
640.91,1078.45,18.66
641.17,1080.40,18.37
641.42,1081.80,17.57
641.68,1081.90,15.82
641.94,1072.85,18.92
642.19,1074.80,19.80
642.45,1080.15,18.59
642.70,1079.60,19.61
642.96,1075.20,19.92
643.21,1077.95,16.64
643.47,1079.50,18.15
643.72,1077.30,17.27
643.98,1077.70,19.96
644.23,1075.50,15.28
644.49,1079.45,16.97
644.75,1075.45,19.36
645.00,1073.95,16.26
645.26,1074.30,18.89
645.51,1071.40,16.76
645.77,1074.85,19.90
646.02,1073.45,19.38
646.28,1077.55,16.38
646.53,1073.95,18.79
646.79,1074.65,16.54
647.04,1074.05,17.94
647.30,1074.95,18.22
647.55,1071.80,19.09
647.81,1073.95,14.91
648.06,1074.60,15.93
648.32,1075.40,18.50
648.57,1072.00,17.70
648.83,1074.80,17.37
649.09,1074.70,15.07
649.34,1070.75,16.57
649.60,1071.15,19.27
649.85,1075.45,14.95
650.11,1071.00,16.82
650.36,1074.10,19.71
650.62,1070.90,15.02
650.87,1071.05,18.66
651.13,1068.95,16.09
651.38,1072.55,19.29
651.64,1071.80,18.65
651.89,1069.45,19.36
652.15,1069.60,15.87
652.40,1068.55,17.51
652.66,1070.35,18.81
652.91,1067.50,16.01
653.17,1067.55,15.94
653.42,1069.40,14.89
653.68,1072.30,19.76
653.93,1068.20,18.43
654.19,1064.80,18.02
654.44,1068.25,18.61
654.70,1070.90,17.53
654.95,1067.65,17.21
655.21,1068.60,17.08
655.46,1067.05,18.06
655.72,1068.15,15.79
655.97,1067.45,19.35
656.23,1064.65,18.93
656.48,1066.75,16.55
656.74,1064.80,17.72
656.99,1070.15,15.49
657.25,1063.45,19.76
657.50,1068.00,19.44
657.76,1063.30,19.49
658.01,1062.50,16.43
658.27,1060.50,15.57
658.52,1065.50,15.82
658.78,1061.60,15.16
659.03,1065.05,15.34
659.29,1064.10,15.08
659.54,1062.10,19.84
659.80,1064.60,15.10
660.05,1064.75,15.41
660.31,1058.95,18.97
660.56,1061.85,17.71
660.82,1060.80,18.71
661.07,1060.50,17.96
661.33,1064.70,19.30
661.58,1058.55,17.98
661.84,1059.20,17.39
662.09,1061.20,18.39
662.35,1061.40,17.02
662.60,1061.10,16.49
662.86,1061.75,17.12
663.11,1058.45,15.56
663.36,1060.40,18.82
663.62,1057.45,16.02
663.87,1054.20,15.44
664.13,1056.30,15.94
664.38,1060.05,19.05
664.64,1057.55,16.38
664.89,1055.95,18.21
665.15,1055.35,19.09
665.40,1059.30,15.09
665.66,1057.05,18.63
665.91,1053.20,16.23
666.17,1057.35,15.79
666.42,1051.95,18.19
666.68,1052.25,19.34
666.93,1056.25,16.19
667.19,1058.95,17.63
667.44,1051.45,16.13
667.70,1052.90,17.50
667.95,1051.80,17.85
668.20,1053.30,17.80
668.46,1052.75,17.86
668.71,1053.15,15.34
668.97,1050.65,18.21
669.22,1052.30,18.12
669.48,1047.70,18.13
669.73,1054.85,15.04
669.99,1051.60,16.94
670.24,1050.95,16.74
670.50,1049.25,15.06
670.75,1062.45,15.86
671.00,1070.75,17.05
671.26,1095.75,18.83
671.51,1149.10,16.53
671.77,1192.85,20.08
672.02,1184.40,18.46
672.28,1108.75,19.03
672.53,1065.25,17.18
672.79,1053.90,17.23
673.04,1049.20,17.81
673.30,1047.10,19.39
673.55,1048.00,17.14
673.80,1047.60,17.33
674.06,1046.40,17.70
674.31,1043.25,18.37
674.57,1047.90,14.98
674.82,1044.50,17.24
675.08,1042.30,17.05
675.33,1039.15,19.28
675.59,1042.50,17.11
675.84,1044.70,17.00
676.09,1039.70,19.50
676.35,1048.00,16.93
676.60,1043.95,15.51
676.86,1044.90,15.70
677.11,1046.95,15.09
677.37,1039.50,14.56
677.62,1044.15,16.81
677.87,1041.35,18.52
678.13,1041.60,18.34
678.38,1036.10,14.69
678.64,1036.35,17.46
678.89,1040.40,15.35
679.15,1040.35,19.39
679.40,1041.05,15.42
679.65,1040.50,17.78
679.91,1035.95,16.20
680.16,1037.30,17.83
680.42,1034.10,16.63
680.67,1037.85,18.44
680.93,1035.75,15.71
681.18,1034.85,19.16
681.43,1033.15,17.07
681.69,1032.80,18.38
681.94,1036.85,18.89
682.20,1031.20,19.61
682.45,1039.70,15.70
682.71,1034.60,15.99
682.96,1034.20,15.80
683.21,1031.95,15.85
683.47,1034.65,17.51
683.72,1033.90,19.61
683.98,1036.90,19.62
684.23,1036.40,17.23
684.48,1034.85,17.80
684.74,1030.30,18.89
684.99,1035.20,19.31
685.25,1031.10,15.54
685.50,1032.80,17.21
685.76,1030.10,18.75
686.01,1033.45,16.07
686.26,1029.70,16.74
686.52,1032.20,19.55
686.77,1031.10,19.54
687.03,1036.85,19.18
687.28,1035.45,18.62
687.53,1035.10,15.90
687.79,1038.20,16.19
688.04,1039.80,17.37
688.30,1043.50,17.46
688.55,1043.55,17.18
688.80,1055.25,17.95
689.06,1064.75,16.84
689.31,1072.65,18.67
689.57,1087.50,16.62
689.82,1116.15,16.81
690.07,1186.95,16.19
690.33,1362.65,17.64
690.58,1698.10,23.88
690.84,2059.85,23.31
691.09,2120.90,22.07
691.34,1795.00,23.91
691.60,1458.35,20.42
691.85,1272.25,16.13
692.11,1171.80,17.12
692.36,1116.55,15.99
692.61,1090.25,18.33
692.87,1065.50,16.15
693.12,1055.80,15.00
693.38,1042.90,14.86
693.63,1045.00,17.58
693.88,1038.70,14.66
694.14,1033.95,18.86
694.39,1031.65,15.30
694.64,1030.35,17.59
694.90,1026.60,16.74
695.15,1028.60,16.74
695.41,1025.10,14.82
695.66,1025.00,18.55
695.91,1023.00,19.00
696.17,1025.20,14.51
696.42,1019.30,15.33
696.68,1022.05,19.04
696.93,1021.90,17.24
697.18,1024.05,15.22
697.44,1019.25,15.45
697.69,1022.60,17.80
697.94,1019.70,18.11
698.20,1021.50,17.49
698.45,1022.30,19.30
698.71,1020.10,16.94
698.96,1021.85,15.97
699.21,1016.80,16.83
699.47,1016.45,16.23
699.72,1018.15,15.55
699.97,1017.05,14.64
700.23,1019.15,16.21
700.48,1019.80,18.04
700.73,1020.50,14.52
700.99,1016.25,16.63
701.24,1017.10,17.68
701.50,1015.05,17.49
701.75,1017.10,18.35
702.00,1012.85,18.49
702.26,1018.35,18.03
702.51,1014.30,14.91
702.76,1009.70,16.76
703.02,1007.30,17.39
703.27,1015.00,15.64
703.52,1008.40,14.56
703.78,1014.70,15.52
704.03,1013.90,16.69
704.29,1015.55,16.50
704.54,1009.45,15.25
704.79,1017.15,18.60
705.05,1013.65,19.08
705.30,1010.90,15.38
705.55,1011.10,19.08
705.81,1015.35,14.48
706.06,1012.80,19.07
706.31,1014.10,19.22
706.57,1012.40,14.43
706.82,1015.10,18.27
707.07,1017.45,19.34
707.33,1023.95,19.07
707.58,1060.70,19.72
707.83,1131.55,18.09
708.09,1238.80,16.24
708.34,1304.35,21.06
708.60,1257.55,19.37
708.85,1168.50,18.71
709.10,1139.10,17.43
709.36,1130.65,18.20
709.61,1092.00,15.70
709.86,1052.40,18.46
710.12,1028.55,14.86
710.37,1013.60,18.08
710.62,1008.45,18.65
710.88,1005.95,16.72
711.13,1004.40,16.90
711.38,1003.50,15.89
711.64,1005.50,19.23
711.89,1010.25,18.07
712.14,1006.75,16.20
712.40,994.80,15.13
712.65,997.75,15.38
712.90,995.50,16.59
713.16,997.15,19.02
713.41,998.65,17.98
713.66,999.70,15.37
713.92,1001.20,18.64
714.17,995.00,16.16
714.42,996.30,18.55
714.68,998.10,15.49
714.93,995.65,17.37
715.18,992.65,18.90
715.44,996.45,15.56
715.69,997.10,17.76
715.94,989.65,19.18
716.20,990.95,14.99
716.45,989.55,14.66
716.70,989.35,17.60
716.96,987.60,15.91
717.21,993.80,14.61
717.46,993.05,16.63
717.72,997.25,18.07
717.97,990.55,15.66
718.22,983.05,15.85
718.47,989.45,18.46
718.73,989.45,16.83
718.98,990.50,18.46
719.23,981.70,16.40
719.49,986.65,18.98
719.74,982.95,17.43
719.99,987.75,14.79
720.25,983.15,18.60
720.50,985.80,16.64
720.75,986.40,14.91
721.01,984.55,14.95
721.26,983.70,17.62
721.51,983.20,14.41
721.77,984.30,15.62
722.02,984.20,14.88
722.27,983.60,16.39
722.52,985.35,16.27
722.78,982.10,16.78
723.03,981.75,15.56
723.28,983.85,14.34
723.54,980.50,17.23
723.79,984.45,16.06
724.04,985.25,17.45
724.30,981.15,14.71
724.55,980.80,14.23
724.80,983.20,15.42
725.06,980.30,16.44
725.31,979.20,16.12
725.56,981.05,18.21
725.81,980.50,16.05
726.07,982.25,16.82
726.32,975.15,17.08
726.57,977.90,14.25
726.83,972.90,16.67
727.08,977.55,15.86
727.33,976.35,16.23
727.59,977.60,14.64
727.84,978.20,18.05
728.09,977.05,18.84
728.34,971.75,14.21
728.60,974.05,17.11
728.85,976.65,17.94
729.10,975.50,15.54
729.36,971.90,18.02
729.61,972.65,17.25
729.86,971.45,18.72
730.11,972.55,18.99
730.37,970.00,14.30
730.62,975.65,16.34
730.87,970.30,16.81
731.13,970.15,14.82
731.38,971.10,15.77
731.63,969.05,18.99
731.88,965.90,14.14
732.14,968.35,16.32
732.39,970.50,18.28
732.64,975.80,15.74
732.90,968.80,16.46
733.15,967.70,18.93
733.40,959.00,16.36
733.65,964.40,14.70
733.91,964.30,14.30
734.16,965.80,18.75
734.41,964.25,15.37
734.67,965.00,16.55
734.92,964.40,14.50
735.17,962.70,16.14
735.42,962.00,18.64
735.68,966.90,16.56
735.93,968.65,18.90
736.18,964.50,15.33
736.43,961.60,16.53
736.69,965.55,18.32
736.94,966.50,16.29
737.19,965.85,15.44
737.44,964.55,18.29
737.70,965.85,15.99
737.95,963.70,16.67
738.20,960.85,18.86
738.46,959.80,14.94
738.71,956.50,15.48
738.96,957.35,14.15
739.21,958.65,15.95
739.47,955.50,14.98
739.72,957.30,17.36
739.97,954.60,14.88
740.22,955.70,17.32
740.48,951.20,15.26
740.73,952.95,15.72
740.98,954.80,15.70
741.23,956.55,17.53
741.49,953.30,16.27
741.74,951.85,15.74
741.99,951.30,18.16
742.24,958.45,16.84
742.50,954.45,15.04
742.75,951.00,18.39
743.00,948.90,15.63
743.26,949.00,14.13
743.51,949.90,16.38
743.76,953.70,14.59
744.01,952.20,15.14
744.27,950.65,17.63
744.52,952.65,14.61
744.77,947.25,17.90
745.02,953.05,18.59
745.28,951.85,16.95
745.53,949.25,17.44
745.78,952.15,17.48
746.03,949.45,18.83
746.29,953.65,15.66
746.54,948.20,14.74
746.79,948.65,16.49
747.04,945.20,16.54
747.29,947.80,14.81
747.55,941.55,16.90
747.80,947.25,14.00
748.05,942.75,18.45
748.30,948.15,15.24
748.56,943.65,14.10
748.81,943.60,14.44
749.06,947.65,15.11
749.31,948.25,15.28
749.57,946.80,14.09
749.82,946.05,15.29
750.07,945.60,14.87
750.32,948.35,15.80
750.58,942.75,15.79
750.83,946.40,15.59
751.08,944.25,15.52
751.33,941.70,14.33
751.59,944.50,14.04
751.84,942.70,14.89
752.09,941.30,17.60
752.34,943.30,18.76
752.59,943.85,18.46
752.85,941.95,16.37
753.10,946.65,16.54
753.35,942.30,15.44
753.60,941.35,17.68
753.86,941.60,17.64
754.11,939.35,18.01
754.36,940.60,18.27
754.61,943.25,16.03
754.87,939.50,17.63
755.12,939.50,17.83
755.37,940.65,15.40
755.62,941.85,18.45
755.87,937.85,14.33
756.13,938.55,18.74
756.38,941.35,17.66
756.63,934.25,14.30
756.88,938.50,17.08
757.14,936.60,14.02
757.39,935.95,17.62
757.64,932.40,17.73
757.89,933.85,16.78
758.14,934.35,18.03
758.40,936.20,14.33
758.65,932.20,15.17
758.90,935.95,15.88
759.15,934.90,14.05
759.40,937.40,16.06
759.66,935.00,15.14
759.91,933.35,15.75
760.16,938.30,15.95
760.41,933.20,18.13
760.67,934.60,15.16
760.92,937.15,18.23
761.17,937.05,15.94
761.42,933.40,15.44
761.67,932.30,16.28
761.93,929.35,15.84
762.18,933.80,15.09
762.43,927.25,16.24
762.68,932.80,14.57
762.93,932.15,15.54
763.19,933.10,16.59
763.44,932.10,15.84
763.69,931.90,17.84
763.94,929.00,15.05
764.19,932.55,18.56
764.45,933.60,17.67
764.70,931.30,18.54
764.95,931.70,17.91
765.20,927.20,14.48
765.45,931.40,16.39
765.71,928.05,14.62
765.96,924.75,17.75
766.21,928.30,16.64
766.46,932.55,15.11
766.71,931.10,18.35
766.97,928.65,14.36
767.22,930.40,16.56
767.47,928.10,17.31
767.72,928.90,14.09
767.97,934.55,16.76
768.23,925.10,17.74
768.48,920.15,14.07
768.73,921.75,16.24
768.98,925.30,15.04
769.23,920.10,16.96
769.49,921.35,14.33
769.74,922.60,18.31
769.99,923.60,18.11
770.24,920.55,14.65
770.49,925.45,15.35
770.75,920.85,16.60
771.00,923.30,17.25
771.25,924.85,15.93
771.50,931.55,14.58
771.75,930.15,14.32
772.00,935.80,18.74
772.26,949.75,16.19
772.51,985.10,18.56
772.76,1027.10,16.93
773.01,1026.10,19.17
773.26,999.60,14.73
773.52,969.85,14.65
773.77,944.00,18.47
774.02,933.55,18.46
774.27,924.55,15.30
774.52,919.90,15.46
774.77,920.15,15.94
775.03,915.05,15.72
775.28,918.40,14.65
775.53,916.95,18.07
775.78,912.35,14.91
776.03,915.60,17.12
776.29,914.05,14.02
776.54,909.00,13.85
776.79,909.25,16.82
777.04,905.45,15.27
777.29,908.40,16.82
777.54,914.35,14.16
777.80,909.10,18.25
778.05,906.60,17.25
778.30,909.50,17.89
778.55,907.65,14.31
778.80,906.65,15.19
779.05,906.65,15.42
779.31,908.90,16.25
779.56,909.65,15.10
779.81,907.05,13.94
780.06,907.40,15.43
780.31,905.85,14.87
780.56,903.80,15.48
780.82,908.20,14.61
781.07,905.70,14.90
781.32,905.85,16.66
781.57,909.25,15.54
781.82,905.45,15.30
782.07,904.15,16.20
782.33,902.45,17.33
782.58,902.10,15.44
782.83,904.95,16.46
783.08,905.80,18.29
783.33,902.90,16.13
783.58,903.05,18.00
783.84,898.75,17.40
784.09,899.40,13.88
784.34,902.30,15.68
784.59,898.40,16.94
784.84,898.65,18.32
785.09,901.60,15.81
785.34,895.55,14.01
785.60,898.55,16.29
785.85,900.35,14.21
786.10,897.15,17.18
786.35,898.75,16.03
786.60,897.40,17.05
786.85,898.30,17.76
787.11,900.70,16.63
787.36,895.40,16.50
787.61,897.50,17.20
787.86,891.95,17.57
788.11,894.60,17.72
788.36,894.15,13.73
788.61,896.85,16.24
788.87,893.30,14.59
789.12,891.85,17.65
789.37,894.40,16.66
789.62,893.15,15.56
789.87,887.40,14.41
790.12,895.30,15.19
790.37,895.30,16.94
790.63,885.45,14.47
790.88,885.25,13.94
791.13,892.95,17.80
791.38,891.45,17.19
791.63,893.15,14.51
791.88,890.25,14.93
792.13,886.25,18.13
792.39,888.95,16.90
792.64,889.85,16.44
792.89,885.60,14.96
793.14,889.10,14.95
793.39,888.95,13.71
793.64,886.45,16.98
793.89,888.70,13.73
794.15,889.35,13.55
794.40,886.40,16.98
794.65,889.55,18.06
794.90,886.95,17.11
795.15,887.05,15.76
795.40,885.80,15.81
795.65,883.15,15.56
795.90,884.60,15.04
796.16,884.80,15.98
796.41,885.55,15.55
796.66,885.90,16.35
796.91,888.10,17.80
797.16,889.80,18.28
797.41,889.10,13.90
797.66,885.20,15.33
797.91,885.70,14.36
798.17,887.10,15.19
798.42,887.70,14.88
798.67,885.70,14.33
798.92,882.90,17.11
799.17,881.30,15.83
799.42,881.75,17.84
799.67,880.90,13.62
799.92,880.95,13.78
800.18,887.20,15.43
800.43,882.45,13.86
800.68,882.60,14.73
800.93,881.65,18.16
801.18,879.40,14.45
801.43,880.00,14.40
801.68,880.95,16.19
801.93,886.15,15.87
802.19,878.40,16.20
802.44,881.75,15.26
802.69,881.30,17.40
802.94,876.25,14.09
803.19,881.20,15.50
803.44,877.25,16.71
803.69,878.45,17.57
803.94,874.40,15.17
804.20,876.25,16.12
804.45,880.10,13.79
804.70,880.70,14.27
804.95,878.20,13.77
805.20,875.50,16.87
805.45,876.85,14.80
805.70,879.90,16.89
805.95,876.80,13.75
806.20,872.05,17.48
806.46,875.05,17.38
806.71,874.60,13.84
806.96,868.65,13.49
807.21,870.80,13.66
807.46,874.05,17.46
807.71,876.70,14.55
807.96,873.65,16.01
808.21,873.45,15.43
808.46,872.80,17.17
808.71,873.35,15.72
808.97,876.55,15.81
809.22,875.80,18.11
809.47,877.90,14.15
809.72,873.45,17.34
809.97,872.00,13.64
810.22,872.10,15.66
810.47,867.35,17.55
810.72,872.25,16.55
810.97,868.75,16.61
811.23,869.20,14.62
811.48,869.75,15.36
811.73,868.55,15.11
811.98,867.15,15.82
812.23,869.60,15.57
812.48,873.35,14.96
812.73,873.25,14.85
812.98,869.75,14.57
813.23,872.50,15.13
813.48,869.80,14.09
813.73,870.45,17.51
813.99,874.00,16.27
814.24,874.55,14.05
814.49,868.90,16.65
814.74,872.90,17.42
814.99,870.00,14.51
815.24,871.45,14.11
815.49,865.95,13.40
815.74,871.65,13.62
815.99,870.55,16.99
816.24,866.55,18.02
816.49,870.65,13.60
816.75,873.05,16.95
817.00,868.90,13.72
817.25,869.00,16.17
817.50,869.40,16.95
817.75,873.85,15.11
818.00,871.70,13.45
818.25,871.00,16.21
818.50,870.40,18.07
818.75,873.80,14.63
819.00,871.70,14.29
819.25,873.50,14.00
819.51,875.25,16.05
819.76,872.55,16.23
820.01,870.50,17.13
820.26,870.25,16.95
820.51,874.50,17.64
820.76,881.25,17.30
821.01,872.40,14.57
821.26,866.30,15.98
821.51,860.50,14.71
821.76,862.50,14.88
822.01,861.65,17.71
822.26,860.40,16.52
822.51,860.20,17.89
822.77,860.00,15.27
823.02,858.40,15.82
823.27,860.25,15.60
823.52,859.00,13.81
823.77,858.60,14.41
824.02,855.90,15.76
824.27,854.45,13.59
824.52,854.85,17.64
824.77,857.85,13.88
825.02,857.50,14.22
825.27,861.55,16.92
825.52,856.35,13.74
825.77,853.75,17.48
826.03,858.20,16.71
826.28,856.65,13.61
826.53,853.50,16.51
826.78,856.25,16.25
827.03,854.10,16.82
827.28,856.55,17.17
827.53,855.00,16.64
827.78,855.90,16.03
828.03,851.95,14.76
828.28,857.10,16.56
828.53,854.70,17.76
828.78,854.30,16.02
829.03,851.20,16.36
829.28,852.65,15.31
829.53,851.25,16.79
829.79,852.90,17.93
830.04,853.15,14.01
830.29,849.50,14.18
830.54,849.35,15.76
830.79,850.60,15.50
831.04,853.90,15.95
831.29,853.55,13.50
831.54,849.05,15.12
831.79,851.95,15.98
832.04,853.60,16.01
832.29,850.35,16.32
832.54,848.70,16.59
832.79,850.05,16.24
833.04,847.55,16.91
833.29,845.80,16.12
833.54,851.65,15.77
833.79,848.95,16.06
834.05,847.60,13.70
834.30,847.85,14.50
834.55,848.55,15.69
834.80,845.55,17.28
835.05,843.30,16.35
835.30,847.40,13.64
835.55,852.15,16.03
835.80,841.95,14.21
836.05,843.10,16.61
836.30,844.65,17.06
836.55,843.10,15.95
836.80,844.60,15.96
837.05,848.45,14.81
837.30,845.90,15.29
837.55,843.70,17.22
837.80,841.75,16.55
838.05,844.40,15.62
838.30,846.80,14.94
838.55,844.40,13.43
838.80,840.10,13.83
839.06,839.40,14.06
839.31,843.40,14.93
839.56,844.65,17.60
839.81,842.40,15.54
840.06,842.25,14.28
840.31,844.10,13.69
840.56,842.50,14.76
840.81,842.05,16.98
841.06,843.45,14.98
841.31,850.10,16.85
841.56,842.70,16.92
841.81,842.10,13.70
842.06,840.85,16.00
842.31,840.20,17.63
842.56,838.20,15.02
842.81,839.90,13.40
843.06,838.75,17.45
843.31,836.30,17.24
843.56,837.15,15.57
843.81,836.60,15.70
844.06,837.85,14.13
844.31,841.95,16.99
844.56,834.40,15.44
844.81,837.45,13.31
845.07,836.65,16.31
845.32,838.75,17.57
845.57,838.10,17.00
845.82,833.00,14.40
846.07,839.90,13.41
846.32,837.85,17.52
846.57,837.65,17.50
846.82,837.05,15.62
847.07,838.95,16.14
847.32,836.40,15.29
847.57,836.15,15.09
847.82,835.30,13.69
848.07,836.95,13.59
848.32,835.50,14.21
848.57,834.25,17.00
848.82,835.30,13.81
849.07,832.60,14.16
849.32,835.95,15.68
849.57,835.55,14.13
849.82,833.50,13.88
850.07,834.80,15.74
850.32,835.25,14.84
850.57,838.00,16.06
850.82,836.70,17.38
851.07,833.85,13.82
851.32,836.75,17.38
851.57,831.75,17.28
851.82,831.10,16.94
852.07,832.25,16.03
852.32,835.45,16.01
852.57,833.20,16.08
852.82,831.00,16.29
853.07,833.00,13.19
853.32,829.50,17.52
853.57,833.65,15.83
853.82,829.15,16.70
854.08,832.40,14.86
854.33,833.00,13.17
854.58,831.60,15.46
854.83,829.20,15.43
855.08,831.30,15.12
855.33,827.75,14.65
855.58,828.50,14.24
855.83,833.40,15.56
856.08,831.45,14.84
856.33,828.45,17.56
856.58,828.65,13.88
856.83,828.05,14.56
857.08,828.80,14.44
857.33,828.15,15.59
857.58,829.05,15.39
857.83,827.20,16.04
858.08,821.20,17.40
858.33,829.75,14.41
858.58,828.45,16.28
858.83,824.90,13.17
859.08,824.15,14.26
859.33,827.50,15.22
859.58,825.30,13.20
859.83,824.20,15.90
860.08,827.40,16.21
860.33,828.75,16.53
860.58,826.60,15.45
860.83,823.80,15.83
861.08,824.80,14.88
861.33,826.70,13.26
861.58,826.75,13.53
861.83,825.95,16.08
862.08,827.20,17.67
862.33,826.50,13.14
862.58,828.70,15.66
862.83,824.45,16.51
863.08,827.25,16.89
863.33,825.30,15.57
863.58,825.85,15.92
863.83,824.10,16.26
864.08,824.15,17.01
864.33,822.05,13.60
864.58,821.65,17.29
864.83,825.10,13.18
865.08,823.85,16.90
865.33,825.60,13.42
865.58,825.35,13.96
865.83,827.80,13.10
866.08,823.70,15.10
866.33,826.00,14.61
866.58,819.90,13.78
866.83,822.70,15.12
867.08,824.15,14.90
867.33,820.05,16.55
867.58,821.05,17.13
867.83,822.70,16.04
868.08,818.15,13.58
868.33,822.70,14.40
868.58,821.40,17.23
868.83,818.85,13.42
869.08,818.05,14.87
869.33,822.60,17.38
869.58,823.55,17.42
869.83,820.35,14.91
870.08,817.40,16.06
870.33,820.95,15.13
870.58,820.35,16.49
870.83,820.00,13.17
871.08,818.05,13.67
871.33,818.30,15.83
871.58,820.60,14.09
871.83,818.15,16.06
872.08,815.90,14.60
872.33,816.35,17.06
872.58,819.80,16.78
872.83,817.60,15.26
873.08,816.25,16.54
873.33,820.70,14.27
873.58,818.50,15.28
873.83,815.50,13.89
874.08,816.05,16.94
874.33,815.55,16.76
874.58,815.85,17.13
874.83,816.50,17.02
875.08,814.90,17.38
875.33,816.80,14.04
875.58,817.80,17.28
875.83,819.45,15.64
876.08,817.90,14.94
876.33,822.10,15.61
876.58,816.90,14.57
876.83,819.60,14.34
877.08,817.25,14.11
877.33,815.35,13.36
877.58,814.50,15.25
877.83,815.05,17.05
878.07,819.10,15.91
878.32,817.75,15.39
878.57,813.85,14.94
878.82,819.15,15.15
879.07,813.60,13.93
879.32,813.50,16.74
879.57,813.75,13.88
879.82,811.80,16.24
880.07,811.70,16.43
880.32,813.15,15.60
880.57,809.00,16.88
880.82,807.80,14.26
881.07,807.10,16.95
881.32,807.65,16.26
881.57,807.20,16.57
881.82,807.10,15.96
882.07,805.80,16.77
882.32,806.20,17.44
882.57,806.80,14.84
882.82,808.05,16.65
883.07,804.90,16.30
883.32,805.85,14.98
883.57,802.90,17.11
883.82,805.75,14.71
884.07,809.65,15.53
884.32,807.10,13.41
884.57,801.75,13.91
884.82,804.15,16.73
885.07,802.25,14.69
885.32,804.50,14.70
885.57,804.10,14.02
885.82,803.05,15.13
886.07,804.70,16.58
886.32,804.40,16.98
886.57,802.10,13.21
886.82,801.30,15.49
887.07,804.65,15.03
887.32,802.55,15.68
887.56,799.30,14.90
887.81,799.40,14.68
888.06,799.60,15.01
888.31,798.95,15.51
888.56,802.10,15.17
888.81,801.25,15.03
889.06,800.20,16.59
889.31,799.50,16.25
889.56,800.75,14.43
889.81,803.95,16.55
890.06,803.90,16.79
890.31,800.50,13.57
890.56,799.30,15.51
890.81,800.75,14.17
891.06,799.75,16.23
891.31,804.30,13.99
891.56,799.90,15.92
891.81,803.10,14.06
892.06,799.25,15.19
892.31,801.10,17.19
892.56,799.75,14.60
892.81,801.20,16.86
893.06,800.75,17.36
893.31,800.80,16.85
893.56,800.35,13.63
893.81,796.75,16.56
894.05,798.60,13.01
894.30,798.35,14.64
894.55,797.60,16.80
894.80,801.00,16.01
895.05,799.15,15.28
895.30,799.10,14.63
895.55,793.80,16.50
895.80,796.70,16.06
896.05,796.15,14.96
896.30,797.50,16.90
896.55,799.85,13.91
896.80,800.75,13.65
897.05,796.65,15.76
897.30,796.85,17.25
897.55,796.90,13.97
897.80,798.25,13.99
898.05,798.20,13.49
898.30,799.85,16.78
898.55,796.00,13.87
898.80,800.10,15.16
899.05,796.85,17.34
899.30,797.30,12.91
899.54,796.10,15.36
899.79,793.90,15.14
900.04,792.70,16.47
900.29,795.50,14.45
900.54,792.95,14.67
900.79,795.15,13.60
901.04,795.10,16.19
901.29,791.85,16.36
901.54,792.90,13.44
901.79,795.80,14.62
902.04,795.25,16.88
902.29,791.15,12.82
902.54,792.05,14.16
902.79,793.95,15.34
903.04,794.95,14.35
903.29,793.60,14.05
903.54,791.75,14.89
903.79,792.75,13.64
904.04,794.25,15.23
904.28,794.50,16.03
904.53,793.40,15.42
904.78,795.35,13.26
905.03,788.85,16.60
905.28,790.75,13.59
905.53,792.15,16.27
905.78,790.85,14.43
906.03,787.95,16.31
906.28,793.25,13.75
906.53,792.45,13.66
906.78,791.50,15.05
907.03,791.85,12.96
907.28,789.05,13.81
907.53,789.10,16.06
907.78,790.80,16.58
908.03,788.50,13.15
908.27,786.60,16.75
908.52,788.75,16.38
908.77,783.35,16.66
909.02,788.50,15.94
909.27,791.95,15.86
909.52,785.85,15.13
909.77,786.80,15.71
910.02,786.65,16.91
910.27,788.70,13.24
910.52,785.55,14.18
910.77,784.55,13.08
911.02,786.20,17.02
911.27,786.65,14.78
911.52,782.75,15.78
911.77,788.70,16.58
912.02,785.70,17.23
912.26,785.85,13.49
912.51,783.85,16.35
912.76,783.20,16.74
913.01,784.45,12.97
913.26,785.60,16.16
913.51,784.00,14.35
913.76,783.60,15.66
914.01,785.70,15.08
914.26,786.00,13.94
914.51,782.25,13.34
914.76,785.45,13.29
915.01,782.75,13.21
915.26,782.95,15.61
915.51,781.20,14.31
915.75,783.55,13.72
916.00,782.65,15.85
916.25,784.10,15.84
916.50,782.75,15.16
916.75,781.90,16.94
917.00,778.30,14.44
917.25,782.20,16.49
917.50,778.85,13.05
917.75,782.95,16.07
918.00,781.10,17.17
918.25,783.70,16.56
918.50,781.90,15.34
918.75,780.85,15.54
919.00,777.95,14.29
919.24,780.80,15.78
919.49,780.15,16.18
919.74,782.30,17.22
919.99,779.75,14.93
920.24,781.05,13.00
920.49,778.50,15.38
920.74,778.80,13.24
920.99,778.40,13.81
921.24,775.00,14.15
921.49,776.35,15.97
921.74,777.55,13.52
921.99,779.05,13.46
922.24,783.95,12.95
922.48,780.85,16.65
922.73,780.05,15.83
922.98,776.20,12.87
923.23,777.60,12.83
923.48,778.30,15.21
923.73,779.65,13.99
923.98,777.50,15.38
924.23,778.95,14.66
924.48,778.55,16.85
924.73,779.25,14.01
924.98,780.25,15.77
925.23,779.50,12.96
925.47,780.90,17.02
925.72,780.30,17.13
925.97,777.65,16.01
926.22,779.80,14.81
926.47,778.20,13.69
926.72,776.55,16.33
926.97,776.15,15.99
927.22,778.50,13.70
927.47,777.00,14.72
927.72,777.95,14.78
927.97,776.60,16.40
928.22,776.15,15.75
928.46,774.80,15.56
928.71,777.30,15.61
928.96,775.50,13.90
929.21,774.85,14.34
929.46,776.50,12.90
929.71,775.30,16.21
929.96,773.25,14.60
930.21,776.00,14.65
930.46,774.00,13.77
930.71,774.60,13.62
930.96,774.60,15.31
931.20,775.45,13.73
931.45,772.70,12.95
931.70,771.70,16.08
931.95,771.55,14.34
932.20,772.00,14.36
932.45,774.15,14.60
932.70,770.95,16.29
932.95,771.65,14.09
933.20,770.50,16.03
933.45,771.00,16.85
933.70,772.95,15.62
933.94,771.30,14.58
934.19,772.60,16.01
934.44,771.20,14.70
934.69,770.85,14.50
934.94,770.40,14.99
935.19,770.70,14.07
935.44,772.20,13.13
935.69,768.30,14.48
935.94,770.90,13.20
936.19,769.80,14.47
936.44,770.45,15.13
936.68,771.85,16.82
936.93,768.75,12.80
937.18,767.35,15.39
937.43,768.15,14.67
937.68,770.85,12.74
937.93,766.70,13.73
938.18,768.00,13.16
938.43,766.95,13.59
938.68,768.85,13.86
938.93,766.70,14.41
939.17,765.00,14.96
939.42,764.15,12.60
939.67,769.00,13.36
939.92,767.05,13.04
940.17,768.15,15.08
940.42,765.30,14.07
940.67,767.65,15.07
940.92,768.10,13.62
941.17,764.95,12.71
941.42,765.20,16.79
941.66,762.30,13.07
941.91,759.20,13.12
942.16,763.35,13.24
942.41,765.70,16.98
942.66,765.20,15.35
942.91,762.50,15.30
943.16,762.45,16.97
943.41,761.40,12.97
943.66,764.80,16.94
943.91,764.10,13.51
944.15,761.65,15.35
944.40,764.60,14.47
944.65,763.95,14.30
944.90,762.40,16.72
945.15,763.85,13.26
945.40,765.10,17.04
945.65,766.80,14.31
945.90,764.00,15.48
946.15,764.70,16.91
946.39,763.10,12.85
946.64,766.35,16.72
946.89,761.10,15.09
947.14,763.25,15.72
947.39,763.80,13.26
947.64,760.75,14.94
947.89,761.70,15.57
948.14,764.30,14.63
948.39,762.30,13.27
948.63,763.20,13.68
948.88,762.60,16.38
949.13,765.75,12.76
949.38,760.05,15.71
949.63,763.45,17.03
949.88,764.25,12.63
950.13,761.50,13.29
950.38,759.75,15.55
950.63,764.05,12.86
950.88,764.95,15.23
951.12,763.35,15.63
951.37,758.45,15.16
951.62,762.65,14.21
951.87,767.60,15.73
952.12,763.40,15.23
952.37,762.70,13.51
952.62,764.55,15.11
952.87,763.65,16.51
953.11,762.35,15.55
953.36,765.65,14.71
953.61,765.55,14.04
953.86,763.30,12.97
954.11,761.20,13.66
954.36,766.70,12.67
954.61,765.10,17.00
954.86,761.70,13.57
955.11,762.10,16.20
955.35,761.65,13.33
955.60,764.05,13.86
955.85,761.30,14.43
956.10,762.15,14.02
956.35,762.20,16.13
956.60,763.15,16.85
956.85,761.05,16.46
957.10,767.25,13.31
957.35,765.50,16.07
957.59,763.05,13.25
957.84,762.20,16.64
958.09,762.50,14.89
958.34,757.95,14.04
958.59,760.20,13.26
958.84,758.60,12.61
959.09,762.20,13.68
959.34,762.85,16.65
959.58,765.85,16.16
959.83,764.00,16.91
960.08,765.80,13.06
960.33,762.85,15.22
960.58,765.05,13.75
960.83,762.35,15.00
961.08,759.90,13.99
961.33,761.70,13.84
961.58,763.55,15.14
961.82,766.40,13.43
962.07,762.00,14.67
962.32,760.55,15.46
962.57,759.40,13.13
962.82,760.40,16.70
963.07,758.45,14.80
963.32,760.90,16.21
963.57,761.60,15.48
963.81,766.45,15.78
964.06,760.75,15.75
964.31,765.30,16.50
964.56,762.30,15.31
964.81,762.55,13.82
965.06,762.70,13.03
965.31,758.30,15.24
965.56,758.35,12.85
965.80,762.70,13.66
966.05,757.90,12.82
966.30,759.70,15.00
966.55,760.05,13.28
966.80,758.15,15.26
967.05,764.05,16.11
967.30,761.40,16.23
967.55,758.35,13.93
967.79,758.45,14.99
968.04,759.50,15.06
968.29,761.40,14.68
968.54,763.65,15.51
968.79,759.25,13.49
969.04,763.10,16.94
969.29,761.10,13.01
969.54,758.30,16.23
969.78,761.75,15.22
970.03,760.25,13.65
970.28,759.50,15.87
970.53,755.65,12.91
970.78,757.50,15.98
971.03,759.65,15.18
971.28,755.20,13.02
971.52,761.00,12.93
971.77,756.60,15.86
972.02,757.15,13.84
972.27,758.85,16.50
972.52,760.40,15.95
972.77,759.50,15.66
973.02,761.00,13.81
973.27,758.05,15.69
973.51,760.00,16.77
973.76,759.05,12.96
974.01,760.80,14.02
974.26,758.00,13.59
974.51,756.40,14.28
974.76,757.15,15.83
975.01,759.05,14.66
975.26,758.05,15.08
975.50,758.90,13.95
975.75,760.25,13.20
976.00,759.85,13.75
976.25,761.60,16.40
976.50,760.50,15.24
976.75,757.30,14.22
977.00,757.50,16.05
977.24,754.00,12.80
977.49,758.15,13.68
977.74,760.45,13.59
977.99,760.45,16.94
978.24,760.20,15.70
978.49,756.40,15.27
978.74,752.90,12.53
978.99,757.55,13.36
979.23,760.20,15.39
979.48,761.60,14.26
979.73,753.35,16.60
979.98,755.00,15.91
980.23,750.80,14.47
980.48,756.35,15.86
980.73,752.50,16.81
980.97,757.15,14.59
981.22,758.60,15.40
981.47,757.90,16.62
981.72,759.35,13.66
981.97,758.25,16.48
982.22,755.50,12.96
982.47,759.55,15.44
982.71,756.20,16.00
982.96,757.05,15.26
983.21,752.20,14.69
983.46,755.10,15.26
983.71,754.20,13.19
983.96,757.25,13.50
984.21,757.80,13.74
984.45,755.60,15.18
984.70,751.25,14.45
984.95,758.75,13.64
985.20,756.35,16.44
985.45,756.20,14.19
985.70,760.25,14.55
985.95,756.95,14.36
986.19,762.05,13.39
986.44,758.65,15.80
986.69,757.25,14.53
986.94,758.70,12.63
987.19,757.60,16.82
987.44,755.45,16.14
987.69,751.45,15.69
987.94,758.95,16.41
988.18,757.35,16.56
988.43,756.75,14.04
988.68,755.80,15.24
988.93,757.25,15.24
989.18,754.80,13.71
989.43,754.90,13.51
989.68,755.60,13.04
989.92,754.55,15.44
990.17,754.30,15.97
990.42,752.95,15.87
990.67,752.20,13.90
990.92,754.40,13.43
991.17,756.80,14.55
991.41,752.05,14.92
991.66,748.75,16.53
991.91,755.40,16.40
992.16,754.60,16.57
992.41,754.35,16.28
992.66,753.35,16.78
992.91,753.85,14.58
993.15,752.00,12.71
993.40,754.00,12.89
993.65,753.50,14.24
993.90,758.10,13.69
994.15,756.75,13.29
994.40,751.65,16.71
994.65,753.50,13.38
994.89,756.50,16.79
995.14,754.75,15.89
995.39,756.40,15.38
995.64,755.90,15.53
995.89,752.65,13.97
996.14,755.90,15.39
996.39,758.75,13.38
996.63,756.35,16.69
996.88,756.30,13.87
997.13,758.35,13.68
997.38,758.20,15.70
997.63,758.85,15.47
997.88,758.55,14.56
998.13,758.40,15.36
998.37,757.30,13.25
998.62,755.95,15.51
998.87,754.45,13.72
999.12,757.50,13.76
999.37,758.50,13.27
999.62,755.55,14.00
999.86,759.35,14.03
1000.11,757.80,14.56
1000.36,759.10,13.40
1000.61,758.25,13.41
1000.86,753.10,14.91
1001.11,754.30,13.09
1001.36,756.20,15.59
1001.60,759.45,16.75
1001.85,755.05,14.42
1002.10,756.30,16.53
1002.35,757.85,12.99
1002.60,754.15,12.71
1002.85,754.70,15.71
1003.10,755.15,15.89
1003.34,756.65,16.27
1003.59,754.10,12.77
1003.84,757.15,15.98
1004.09,758.00,14.22
1004.34,759.70,13.91
1004.59,753.75,13.28
1004.83,754.90,16.93
1005.08,758.15,12.83
1005.33,758.25,16.22
1005.58,759.20,15.40
1005.83,761.75,15.84
1006.08,756.00,15.68
1006.33,754.30,16.32
1006.57,758.85,13.37
1006.82,756.00,12.54
1007.07,753.90,15.16
1007.32,754.95,14.09
1007.57,758.50,13.10
1007.82,759.40,13.39
1008.06,752.00,13.97
1008.31,757.45,12.86
1008.56,760.75,12.82
1008.81,758.85,16.62
1009.06,757.20,13.93
1009.31,760.80,16.93
1009.56,763.60,16.88
1009.80,760.65,13.20
1010.05,758.30,15.72
1010.30,758.35,15.22
1010.55,762.30,15.65
1010.80,761.40,13.00
1011.05,764.70,13.44
1011.29,760.35,12.91
1011.54,764.50,15.29
1011.79,758.50,16.93
1012.04,763.40,15.58
1012.29,763.30,15.75
1012.54,764.40,16.98
1012.78,764.30,15.61
1013.03,769.45,12.82
1013.28,769.55,16.51
1013.53,770.15,14.27
1013.78,773.85,12.69
1014.03,776.70,14.97
1014.28,783.05,16.96
1014.52,788.15,13.94
1014.77,798.80,15.09
1015.02,813.00,13.76
1015.27,833.90,13.39
1015.52,860.30,13.69
1015.77,907.75,17.16
1016.01,960.10,18.29
1016.26,1010.60,15.09
1016.51,1029.40,15.96
1016.76,1001.10,15.28
1017.01,955.90,14.12
1017.26,915.50,16.39
1017.50,881.30,16.79
1017.75,851.20,16.28
1018.00,826.35,14.86
1018.25,810.10,15.48
1018.50,807.35,13.36
1018.75,791.15,13.50
1019.00,784.65,16.95
1019.24,777.55,16.11
1019.49,772.20,16.78
1019.74,772.15,16.76
1019.99,769.60,15.54
1020.24,762.90,16.71
1020.49,762.50,14.44
1020.73,764.30,12.62
1020.98,763.70,12.87
1021.23,765.80,13.10
1021.48,763.90,13.02
1021.73,764.70,14.17
1021.98,758.20,15.66
1022.22,759.35,16.07
1022.47,755.10,15.14
1022.72,755.85,13.18
1022.97,755.85,15.84
1023.22,758.70,14.13
1023.47,752.80,12.57
1023.71,753.40,13.75
1023.96,756.35,14.00
1024.21,758.45,13.77
1024.46,757.90,16.15
1024.71,756.70,15.90
1024.96,753.85,15.59
1025.20,752.00,13.12
1025.45,753.50,16.08
1025.70,755.00,15.52
1025.95,754.85,13.39
1026.20,757.80,15.42
1026.45,754.25,14.66
1026.69,755.45,14.47
1026.94,757.25,13.04
1027.19,758.60,14.85
1027.44,756.15,12.98
1027.69,756.15,13.26
1027.94,757.05,13.13
1028.18,753.90,16.74
1028.43,752.10,13.76
1028.68,757.40,14.12
1028.93,751.05,13.92
1029.18,752.45,16.47
1029.43,754.40,15.01
1029.68,751.60,16.56
1029.92,756.65,13.87
1030.17,754.10,13.03
1030.42,750.40,14.94
1030.67,755.60,14.06
1030.92,750.35,16.03
1031.17,751.10,16.38
1031.41,748.20,14.56
1031.66,752.85,16.80
1031.91,753.65,14.96
1032.16,755.05,13.73
1032.41,753.95,14.68
1032.66,753.40,12.68
1032.90,753.60,16.07
1033.15,753.00,12.96
1033.40,752.10,13.87
1033.65,753.55,15.01
1033.90,753.90,12.71
1034.15,751.35,12.85
1034.39,750.50,15.56
1034.64,751.85,12.82
1034.89,753.85,14.63
1035.14,751.00,13.99
1035.39,753.15,13.52
1035.64,750.85,13.33
1035.88,753.80,15.89
1036.13,753.60,16.72
1036.38,752.30,13.13
1036.63,749.70,16.72
1036.88,754.10,15.15
1037.13,753.20,15.35
1037.37,752.40,15.64
1037.62,750.85,15.60
1037.87,752.85,16.13
1038.12,752.35,14.64
1038.37,750.85,14.85
1038.61,746.85,13.89
1038.86,747.35,12.93
1039.11,750.35,15.42
1039.36,749.85,12.64
1039.61,747.60,13.68
1039.86,752.80,12.93
1040.10,752.10,13.35
1040.35,750.15,15.31
1040.60,754.75,15.30
1040.85,753.30,14.37
1041.10,750.20,12.89
1041.35,751.70,14.41
1041.59,751.85,14.06
1041.84,751.10,15.68
1042.09,751.00,15.05
1042.34,749.45,14.65
1042.59,751.55,14.65
1042.84,753.00,16.78
1043.08,755.05,15.87
1043.33,749.55,14.68
1043.58,752.65,14.63
1043.83,749.10,12.60
1044.08,746.80,16.61
1044.33,749.45,13.89
1044.57,748.30,13.60
1044.82,748.90,16.88
1045.07,753.20,15.69
1045.32,749.90,12.70
1045.57,749.60,12.76
1045.82,750.50,12.61
1046.06,754.25,15.17
1046.31,754.80,12.84
1046.56,748.55,16.59
1046.81,752.70,16.65
1047.06,750.95,14.90
1047.31,753.40,15.24
1047.55,747.75,13.76
1047.80,751.25,12.78
1048.05,750.55,15.75
1048.30,748.35,12.92
1048.55,750.60,12.87
1048.80,750.55,13.87
1049.04,752.80,12.57
1049.29,747.10,14.38
1049.54,749.65,15.61
1049.79,749.80,16.02
1050.04,755.20,15.20
1050.29,753.00,16.25
1050.53,753.45,14.31
1050.78,747.65,16.21
1051.03,751.35,14.73
1051.28,750.15,13.47
1051.53,749.30,16.64
1051.77,749.25,13.69
1052.02,753.85,12.63
1052.27,751.80,13.57
1052.52,755.05,14.15
1052.77,749.75,14.04
1053.02,754.45,14.84
1053.26,749.95,16.38
1053.51,753.75,13.81
1053.76,747.00,14.76
1054.01,754.35,14.03
1054.26,751.10,16.12
1054.51,748.55,13.17
1054.75,749.35,12.94
1055.00,748.30,14.69
1055.25,751.65,15.47
1055.50,751.15,16.01
1055.75,750.30,15.09
1056.00,753.80,15.94
1056.24,751.00,14.23
1056.49,750.85,12.64
1056.74,751.80,13.02
1056.99,751.40,12.67
1057.24,749.00,13.93
1057.49,749.75,14.67
1057.73,751.75,14.08
1057.98,748.20,14.94
1058.23,749.40,14.60
1058.48,750.25,15.48
1058.73,749.85,15.43
1058.97,752.20,13.91
1059.22,754.35,14.05
1059.47,751.15,15.08
1059.72,749.40,15.11
1059.97,752.35,13.90
1060.22,753.55,13.98
1060.46,753.10,15.58
1060.71,751.55,15.36
1060.96,754.25,13.12
1061.21,749.05,14.42
1061.46,754.25,16.47
1061.71,751.65,12.66
1061.95,750.70,16.27
1062.20,748.15,13.19
1062.45,747.30,14.70
1062.70,748.65,14.35
1062.95,751.60,12.55
1063.20,753.95,16.56
1063.44,753.05,14.52
1063.69,751.50,16.71
1063.94,748.25,13.74
1064.19,746.85,16.28
1064.44,749.80,16.55
1064.68,751.85,14.96
1064.93,750.80,13.39
1065.18,754.25,15.55
1065.43,751.35,14.92
1065.68,753.10,16.68
1065.93,750.50,14.43
1066.17,748.65,13.66
1066.42,753.80,13.13
1066.67,750.30,15.57
1066.92,752.65,16.81
1067.17,750.10,12.61
1067.42,749.15,15.74
1067.66,754.05,16.62
1067.91,748.75,12.81
1068.16,749.80,12.97
1068.41,751.60,15.55
1068.66,751.10,15.36
1068.91,750.95,12.80
1069.15,747.65,16.14
1069.40,752.95,14.82
1069.65,753.25,16.52
1069.90,753.90,16.40
1070.15,751.50,16.09
1070.39,753.80,14.80
1070.64,751.70,13.61
1070.89,753.80,14.75
1071.14,751.20,12.94
1071.39,754.15,15.43
1071.64,752.50,13.10
1071.88,750.90,14.75
1072.13,748.55,12.72
1072.38,752.55,13.83
1072.63,749.55,13.51
1072.88,755.20,15.27
1073.13,755.35,16.01
1073.37,755.00,12.78
1073.62,752.85,16.27
1073.87,751.25,16.30
1074.12,752.10,14.02
1074.37,750.55,15.40
1074.62,750.30,14.27
1074.86,747.20,13.15
1075.11,750.10,14.82
1075.36,749.85,12.87
1075.61,754.75,16.41
1075.86,750.75,16.57
1076.10,749.50,16.11
1076.35,753.70,15.00
1076.60,754.70,14.99
1076.85,751.50,16.84
1077.10,751.40,13.59
1077.35,748.35,12.81
1077.59,750.00,14.97
1077.84,751.70,13.95
1078.09,750.30,13.91
1078.34,754.05,12.55
1078.59,753.45,15.15
1078.84,752.80,13.68
1079.08,754.55,13.35
1079.33,754.85,12.71
1079.58,752.45,14.12
1079.83,753.25,16.40
1080.08,752.60,14.00
1080.32,752.50,15.51
1080.57,750.90,15.83
1080.82,756.40,13.99
1081.07,752.95,16.14
1081.32,750.95,15.55
1081.57,751.60,14.97
1081.81,758.05,12.56
1082.06,751.15,12.65
1082.31,752.15,16.88
1082.56,754.30,15.98
1082.81,753.70,16.66
1083.06,752.10,16.49
1083.30,751.35,12.59
1083.55,755.75,16.04
1083.80,754.50,14.52
1084.05,751.45,15.98
1084.30,750.80,12.52
1084.55,749.80,13.76
1084.79,748.00,15.78
1085.04,752.00,16.00
1085.29,756.30,15.28
1085.54,752.85,13.84
1085.79,753.65,13.89
1086.03,750.45,16.76
1086.28,749.75,14.42
1086.53,751.80,14.48
1086.78,766.30,15.07
1087.03,754.85,14.34
1087.28,754.70,14.97
1087.52,751.45,14.41
1087.77,751.75,16.15
1088.02,749.40,16.49
1088.27,753.05,16.63
1088.52,751.10,14.99
1088.77,748.30,14.42
1089.01,751.00,15.61
1089.26,753.20,16.22
1089.51,749.20,14.96
1089.76,752.20,15.60
1090.01,752.60,15.82
1090.25,749.45,15.47
1090.50,754.40,15.82
1090.75,750.95,13.42
1091.00,746.90,14.66
1091.25,750.80,15.09
1091.50,752.85,12.52
1091.74,750.00,16.26
1091.99,750.10,15.18
1092.24,752.55,13.08
1092.49,755.70,16.14
1092.74,754.35,15.69
1092.99,751.85,15.85
1093.23,756.90,14.28
1093.48,756.05,16.32
1093.73,749.15,14.31
1093.98,751.25,15.02
1094.23,750.85,12.50
1094.48,750.50,15.34
1094.72,752.80,15.68
1094.97,753.75,15.02
1095.22,751.35,14.69
1095.47,752.15,16.08
1095.72,753.05,15.52
1095.96,750.45,13.72
1096.21,750.05,16.72
1096.46,750.10,15.61
1096.71,753.55,16.88
1096.96,748.75,16.76
1097.21,752.80,16.57
1097.45,750.00,15.82
1097.70,751.20,15.19
1097.95,750.45,13.25
1098.20,751.35,14.90
1098.45,752.55,15.89
1098.70,752.05,14.80
1098.94,756.15,16.38
1099.19,751.40,12.98
1099.44,751.00,14.18
1099.69,752.05,14.74
1099.94,753.80,14.43
1100.19,751.35,12.98
1100.43,753.85,13.20
1100.68,755.95,16.24
1100.93,750.00,14.62
1101.18,754.45,12.74
1101.43,751.55,12.57
1101.67,752.95,14.60
1101.92,748.50,13.20
1102.17,754.25,15.64
1102.42,753.30,16.03
1102.67,752.25,13.51
1102.92,753.90,15.14
1103.16,752.15,13.19
1103.41,757.30,13.89
1103.66,754.05,16.45
1103.91,754.85,14.93
1104.16,750.15,16.40
1104.41,753.70,13.51
1104.65,754.25,13.98
1104.90,753.80,14.60
1105.15,753.40,14.64
1105.40,753.20,16.92
1105.65,749.20,12.99
1105.90,751.00,16.25
1106.14,749.95,16.30
1106.39,753.35,14.96
1106.64,753.25,14.03
1106.89,754.95,14.82
1107.14,749.95,13.78
1107.39,752.50,16.04
1107.63,754.05,14.72
1107.88,752.45,16.60
1108.13,750.00,15.23
1108.38,747.70,14.74
1108.63,748.10,15.60
1108.87,750.20,14.71
1109.12,750.20,16.48
1109.37,756.95,13.36
1109.62,752.45,16.81
1109.87,751.60,16.09
1110.12,752.20,16.31
1110.36,750.70,14.62
1110.61,747.05,16.15
1110.86,752.05,13.86
1111.11,751.25,15.86
1111.36,752.75,13.13
1111.61,753.25,13.87
1111.85,751.15,14.46
1112.10,753.75,13.94
1112.35,753.50,14.23
1112.60,751.10,16.12
1112.85,750.75,13.63
1113.10,753.45,15.81
1113.34,751.60,12.83
1113.59,752.25,15.89
1113.84,752.85,16.01
1114.09,752.95,14.29
1114.34,755.40,15.73
1114.59,750.10,16.52
1114.83,753.05,16.05
1115.08,752.95,14.24
1115.33,750.75,14.63
1115.58,753.20,15.96
1115.83,750.70,13.78
1116.08,750.50,16.04
1116.32,753.55,13.97
1116.57,752.40,16.07
1116.82,753.60,12.90
1117.07,752.85,12.71
1117.32,754.20,16.93
1117.57,753.85,16.36
1117.81,749.10,16.37
1118.06,755.40,16.74
1118.31,751.30,14.43
1118.56,752.70,13.78
1118.81,749.90,13.06
1119.05,755.85,14.75
1119.30,751.10,13.47
1119.55,750.70,16.62
1119.80,753.00,12.53
1120.05,753.35,13.15
1120.30,756.75,13.63
1120.54,749.55,13.36
1120.79,756.15,13.54
1121.04,755.45,15.43
1121.29,748.20,13.92
1121.54,754.00,15.24
1121.79,756.30,16.48
1122.03,751.90,15.16
1122.28,757.10,15.62
1122.53,753.40,14.13
1122.78,751.50,13.21
1123.03,756.05,13.95
1123.28,753.55,16.78
1123.52,753.05,15.26
1123.77,747.40,13.69
1124.02,750.15,14.48
1124.27,754.95,16.22
1124.52,751.20,15.45
1124.77,755.80,15.01
1125.01,753.45,16.43
1125.26,752.35,15.48
1125.51,755.60,15.38
1125.76,749.70,13.32
1126.01,753.70,12.99
1126.26,757.85,16.82
1126.50,755.00,15.18
1126.75,749.25,14.31
1127.00,754.20,15.12
1127.25,755.40,12.80
1127.50,753.85,16.15
1127.75,751.30,13.45
1127.99,756.25,16.10
1128.24,750.95,14.85
1128.49,752.40,13.73
1128.74,752.10,12.64
1128.99,753.40,16.12
1129.24,748.10,13.25
1129.48,748.65,12.71
1129.73,750.95,15.83
1129.98,754.10,14.07
1130.23,754.15,14.24